group1	group2	Diff	Lower	Upper	q-value	p-value	Metrics
('RFE_0.1', 'ridge')	('RFE_0.1', 'enet')	0.7810305833816527	-6.891757799842418	8.453818966605724	0.5020846281478707	0.9	CPU
('RFE_0.1', 'ridge')	('RFE_0.1', 'svr')	16.31032762527466	8.63753924205059	23.98311600849873	10.485075687112131	0.001	CPU
('RFE_0.1', 'ridge')	('RFE_0.1', 'rf')	166.1046544790268	158.43186609580275	173.77744286225087	106.78018947304113	0.001	CPU
('RFE_0.1', 'ridge')	('RFE_100.0', 'ridge')	37.05730843544006	29.384520052215994	44.73009681866414	23.822248861767108	0.001	CPU
('RFE_0.1', 'ridge')	('RFE_100.0', 'enet')	34.73975570201874	27.06696731879467	42.412544085242814	22.332412705371265	0.001	CPU
('RFE_0.1', 'ridge')	('RFE_100.0', 'svr')	248.67595596313475	241.0031675799107	256.34874434635884	159.86105734614412	0.001	CPU
('RFE_0.1', 'ridge')	('RFE_100.0', 'rf')	1564.5346276044845	1556.8618392212604	1572.2074159877086	1005.7593178030703	0.001	CPU
('RFE_0.1', 'ridge')	('dRFE_0.1', 'ridge')	222.91662805080415	215.2438396675801	230.5894164340282	143.3017024996238	0.001	CPU
('RFE_0.1', 'ridge')	('dRFE_0.1', 'enet')	165.38017361164094	157.70738522841688	173.052961994865	106.3144577659334	0.001	CPU
('RFE_0.1', 'ridge')	('dRFE_0.1', 'svr')	555.9558351755143	548.2830467922902	563.6286235587384	357.3955805445534	0.001	CPU
('RFE_0.1', 'ridge')	('dRFE_0.1', 'rf')	1086.5293123483657	1078.8565239651416	1094.2021007315898	698.4741409231299	0.001	CPU
('RFE_0.1', 'ridge')	('dRFE_0.2', 'ridge')	121.86207225322724	114.18928387000317	129.5348606364513	78.33889547279392	0.001	CPU
('RFE_0.1', 'ridge')	('dRFE_0.2', 'enet')	91.97415885925292	84.30137047602885	99.646947242477	59.12548411371977	0.001	CPU
('RFE_0.1', 'ridge')	('dRFE_0.2', 'svr')	294.2670077562332	286.59421937300914	301.9397961394573	189.16921348427914	0.001	CPU
('RFE_0.1', 'ridge')	('dRFE_0.2', 'rf')	601.4413363933563	593.7685480101322	609.1141247765804	386.6358836146319	0.001	CPU
('RFE_0.1', 'enet')	('RFE_0.1', 'svr')	17.091358208656313	9.418569825432243	24.764146591880383	10.987160315260002	0.001	CPU
('RFE_0.1', 'enet')	('RFE_0.1', 'rf')	166.88568506240847	159.2128966791844	174.55847344563253	107.282274101189	0.001	CPU
('RFE_0.1', 'enet')	('RFE_100.0', 'ridge')	37.83833901882171	30.165550635597643	45.51112740204579	24.324333489914977	0.001	CPU
('RFE_0.1', 'enet')	('RFE_100.0', 'enet')	35.52078628540039	27.84799790217632	43.193574668624464	22.83449733351913	0.001	CPU
('RFE_0.1', 'enet')	('RFE_100.0', 'svr')	249.45698654651642	241.78419816329236	257.1297749297405	160.363141974292	0.001	CPU
('RFE_0.1', 'enet')	('RFE_100.0', 'rf')	1565.3156581878661	1557.642869804642	1572.9884465710902	1006.2614024312181	0.001	CPU
('RFE_0.1', 'enet')	('dRFE_0.1', 'ridge')	223.6976586341858	216.02487025096175	231.37044701740987	143.80378712777167	0.001	CPU
('RFE_0.1', 'enet')	('dRFE_0.1', 'enet')	166.1612041950226	158.48841581179855	173.83399257824667	106.81654239408128	0.001	CPU
('RFE_0.1', 'enet')	('dRFE_0.1', 'svr')	556.7368657588959	549.0640773756718	564.40965414212	357.89766517270124	0.001	CPU
('RFE_0.1', 'enet')	('dRFE_0.1', 'rf')	1087.3103429317473	1079.6375545485232	1094.9831313149714	698.9762255512777	0.001	CPU
('RFE_0.1', 'enet')	('dRFE_0.2', 'ridge')	122.64310283660889	114.97031445338482	130.31589121983296	78.84098010094179	0.001	CPU
('RFE_0.1', 'enet')	('dRFE_0.2', 'enet')	92.75518944263457	85.0824010594105	100.42797782585865	59.62756874186764	0.001	CPU
('RFE_0.1', 'enet')	('dRFE_0.2', 'svr')	295.0480383396149	287.3752499563908	302.720826722839	189.67129811242702	0.001	CPU
('RFE_0.1', 'enet')	('dRFE_0.2', 'rf')	602.2223669767379	594.5495785935138	609.895155359962	387.1379682427797	0.001	CPU
('RFE_0.1', 'svr')	('RFE_0.1', 'rf')	149.79432685375215	142.1215384705281	157.4671152369762	96.295113785929	0.001	CPU
('RFE_0.1', 'svr')	('RFE_100.0', 'ridge')	20.746980810165404	13.074192426941334	28.419769193389474	13.337173174654978	0.001	CPU
('RFE_0.1', 'svr')	('RFE_100.0', 'enet')	18.42942807674408	10.756639693520011	26.10221645996815	11.847337018259132	0.001	CPU
('RFE_0.1', 'svr')	('RFE_100.0', 'svr')	232.3656283378601	224.69283995463604	240.03841672108416	149.375981659032	0.001	CPU
('RFE_0.1', 'svr')	('RFE_100.0', 'rf')	1548.22429997921	1540.5515115959859	1555.897088362434	995.2742421159581	0.001	CPU
('RFE_0.1', 'svr')	('dRFE_0.1', 'ridge')	206.6063004255295	198.93351204230544	214.27908880875356	132.81662681251166	0.001	CPU
('RFE_0.1', 'svr')	('dRFE_0.1', 'enet')	149.0698459863663	141.39705760314223	156.74263436959035	95.82938207882128	0.001	CPU
('RFE_0.1', 'svr')	('dRFE_0.1', 'svr')	539.6455075502396	531.9727191670155	547.3182959334637	346.91050485744125	0.001	CPU
('RFE_0.1', 'svr')	('dRFE_0.1', 'rf')	1070.2189847230911	1062.546196339867	1077.8917731063152	687.9890652360178	0.001	CPU
('RFE_0.1', 'svr')	('dRFE_0.2', 'ridge')	105.55174462795259	97.87895624472851	113.22453301117666	67.85381978568181	0.001	CPU
('RFE_0.1', 'svr')	('dRFE_0.2', 'enet')	75.66383123397827	67.9910428507542	83.33661961720235	48.64040842660765	0.001	CPU
('RFE_0.1', 'svr')	('dRFE_0.2', 'svr')	277.95668013095855	270.28389174773446	285.62946851418263	178.684137797167	0.001	CPU
('RFE_0.1', 'svr')	('dRFE_0.2', 'rf')	585.1310087680816	577.4582203848576	592.8037971513057	376.15080792751974	0.001	CPU
('RFE_0.1', 'rf')	('RFE_100.0', 'ridge')	129.04734604358674	121.37455766036267	136.7201344268108	82.95794061127401	0.001	CPU
('RFE_0.1', 'rf')	('RFE_100.0', 'enet')	131.36489877700808	123.692110393784	139.03768716023214	84.44777676766988	0.001	CPU
('RFE_0.1', 'rf')	('RFE_100.0', 'svr')	82.57130148410795	74.89851310088387	90.24408986733202	53.080867873103	0.001	CPU
('RFE_0.1', 'rf')	('RFE_100.0', 'rf')	1398.4299731254578	1390.7571847422337	1406.1027615086819	898.9791283300292	0.001	CPU
('RFE_0.1', 'rf')	('dRFE_0.1', 'ridge')	56.811973571777344	49.13918518855327	64.48476195500142	36.52151302658266	0.001	CPU
('RFE_0.1', 'rf')	('dRFE_0.1', 'enet')	0.7244808673858643	-6.948307515838207	8.397269250609934	0.46573170710772377	0.9	CPU
('RFE_0.1', 'rf')	('dRFE_0.1', 'svr')	389.85118069648746	382.1783923132634	397.52396907971155	250.61539107151228	0.001	CPU
('RFE_0.1', 'rf')	('dRFE_0.1', 'rf')	920.424657869339	912.7518694861149	928.097446252563	591.6939514500888	0.001	CPU
('RFE_0.1', 'rf')	('dRFE_0.2', 'ridge')	44.242582225799566	36.56979384257549	51.91537060902364	28.4412940002472	0.001	CPU
('RFE_0.1', 'rf')	('dRFE_0.2', 'enet')	74.13049561977388	66.45770723654981	81.80328400299796	47.654705359321355	0.001	CPU
('RFE_0.1', 'rf')	('dRFE_0.2', 'svr')	128.16235327720642	120.48956489398235	135.83514166043048	82.38902401123802	0.001	CPU
('RFE_0.1', 'rf')	('dRFE_0.2', 'rf')	435.3366819143295	427.66389353110543	443.0094702975536	279.8556941415908	0.001	CPU
('RFE_100.0', 'ridge')	('RFE_100.0', 'enet')	2.317552733421323	-5.355235649802748	9.990341116645393	1.4898361563958453	0.9	CPU
('RFE_100.0', 'ridge')	('RFE_100.0', 'svr')	211.6186475276947	203.94585914447063	219.29143591091875	136.03880848437703	0.001	CPU
('RFE_100.0', 'ridge')	('RFE_100.0', 'rf')	1527.4773191690444	1519.8045307858204	1535.1501075522685	981.9370689413031	0.001	CPU
('RFE_100.0', 'ridge')	('dRFE_0.1', 'ridge')	185.8593196153641	178.18653123214003	193.53210799858815	119.47945363785668	0.001	CPU
('RFE_100.0', 'ridge')	('dRFE_0.1', 'enet')	128.32286517620088	120.6500767929768	135.99565355942494	82.49220890416629	0.001	CPU
('RFE_100.0', 'ridge')	('dRFE_0.1', 'svr')	518.8985267400742	511.2257383568501	526.5713151232983	333.57333168278626	0.001	CPU
('RFE_100.0', 'ridge')	('dRFE_0.1', 'rf')	1049.4720039129256	1041.7992155297015	1057.1447922961497	674.6518920613628	0.001	CPU
('RFE_100.0', 'ridge')	('dRFE_0.2', 'ridge')	84.80476381778718	77.1319754345631	92.47755220101125	54.516646611026815	0.001	CPU
('RFE_100.0', 'ridge')	('dRFE_0.2', 'enet')	54.91685042381286	47.24406204058879	62.589638807036934	35.303235251952664	0.001	CPU
('RFE_100.0', 'ridge')	('dRFE_0.2', 'svr')	257.20969932079316	249.5369109375691	264.88248770401725	165.34696462251205	0.001	CPU
('RFE_100.0', 'ridge')	('dRFE_0.2', 'rf')	564.3840279579163	556.7112395746922	572.0568163411403	362.8136347528648	0.001	CPU
('RFE_100.0', 'enet')	('RFE_100.0', 'svr')	213.93620026111603	206.26341187789197	221.6089886443401	137.52864464077288	0.001	CPU
('RFE_100.0', 'enet')	('RFE_100.0', 'rf')	1529.7948719024657	1522.1220835192416	1537.4676602856898	983.426905097699	0.001	CPU
('RFE_100.0', 'enet')	('dRFE_0.1', 'ridge')	188.17687234878542	180.50408396556136	195.84966073200948	120.96928979425253	0.001	CPU
('RFE_100.0', 'enet')	('dRFE_0.1', 'enet')	130.64041790962222	122.96762952639814	138.31320629284627	83.98204506056214	0.001	CPU
('RFE_100.0', 'enet')	('dRFE_0.1', 'svr')	521.2160794734955	513.5432910902714	528.8888678567196	335.0631678391821	0.001	CPU
('RFE_100.0', 'enet')	('dRFE_0.1', 'rf')	1051.789556646347	1044.1167682631228	1059.462345029571	676.1417282177587	0.001	CPU
('RFE_100.0', 'enet')	('dRFE_0.2', 'ridge')	87.1223165512085	79.44952816798443	94.79510493443257	56.00648276742266	0.001	CPU
('RFE_100.0', 'enet')	('dRFE_0.2', 'enet')	57.23440315723418	49.56161477401011	64.90719154045826	36.79307140834851	0.001	CPU
('RFE_100.0', 'enet')	('dRFE_0.2', 'svr')	259.5272520542145	251.85446367099044	267.2000404374386	166.8368007789079	0.001	CPU
('RFE_100.0', 'enet')	('dRFE_0.2', 'rf')	566.7015806913375	559.0287923081135	574.3743690745616	364.3034709092606	0.001	CPU
('RFE_100.0', 'svr')	('RFE_100.0', 'rf')	1315.8586716413497	1308.1858832581256	1323.5314600245738	845.8982604569261	0.001	CPU
('RFE_100.0', 'svr')	('dRFE_0.1', 'ridge')	25.759327912330605	18.086539529106535	33.43211629555468	16.55935484652034	0.001	CPU
('RFE_100.0', 'svr')	('dRFE_0.1', 'enet')	83.29578235149381	75.62299396826974	90.96857073471789	53.546599580210724	0.001	CPU
('RFE_100.0', 'svr')	('dRFE_0.1', 'svr')	307.2798792123795	299.6070908291554	314.9526675956036	197.53452319840926	0.001	CPU
('RFE_100.0', 'svr')	('dRFE_0.1', 'rf')	837.8533563852309	830.1805680020068	845.526144768455	538.6130835769858	0.001	CPU
('RFE_100.0', 'svr')	('dRFE_0.2', 'ridge')	126.81388370990751	119.14109532668344	134.48667209313157	81.5221618733502	0.001	CPU
('RFE_100.0', 'svr')	('dRFE_0.2', 'enet')	156.70179710388183	149.02900872065777	164.3745854871059	100.73557323242436	0.001	CPU
('RFE_100.0', 'svr')	('dRFE_0.2', 'svr')	45.59105179309847	37.9182634098744	53.263840176322546	29.308156138135022	0.001	CPU
('RFE_100.0', 'svr')	('dRFE_0.2', 'rf')	352.76538043022157	345.0925920469975	360.43816881344566	226.77482626848777	0.001	CPU
('RFE_100.0', 'rf')	('dRFE_0.1', 'ridge')	1341.6179995536804	1333.9452111704563	1349.2907879369045	862.4576153034465	0.001	CPU
('RFE_100.0', 'rf')	('dRFE_0.1', 'enet')	1399.1544539928436	1391.4816656096195	1406.8272423760677	899.4448600371369	0.001	CPU
('RFE_100.0', 'rf')	('dRFE_0.1', 'svr')	1008.5787924289702	1000.9060040457462	1016.2515808121943	648.3637372585168	0.001	CPU
('RFE_100.0', 'rf')	('dRFE_0.1', 'rf')	478.0053152561188	470.33252687289473	485.6781036393429	307.2851768799403	0.001	CPU
('RFE_100.0', 'rf')	('dRFE_0.2', 'ridge')	1442.6725553512572	1434.999766968033	1450.3453437344813	927.4204223302762	0.001	CPU
('RFE_100.0', 'rf')	('dRFE_0.2', 'enet')	1472.5604687452317	1464.8876803620076	1480.2332571284558	946.6338336893506	0.001	CPU
('RFE_100.0', 'rf')	('dRFE_0.2', 'svr')	1270.2676198482513	1262.5948314650273	1277.9404082314754	816.5901043187911	0.001	CPU
('RFE_100.0', 'rf')	('dRFE_0.2', 'rf')	963.0932912111282	955.4205028279041	970.7660795943523	619.1234341884383	0.001	CPU
('dRFE_0.1', 'ridge')	('dRFE_0.1', 'enet')	57.53645443916321	49.863666055939134	65.20924282238728	36.98724473369039	0.001	CPU
('dRFE_0.1', 'ridge')	('dRFE_0.1', 'svr')	333.0392071247101	325.36641874148603	340.7119955079342	214.0938780449296	0.001	CPU
('dRFE_0.1', 'ridge')	('dRFE_0.1', 'rf')	863.6126842975616	855.9398959143375	871.2854726807857	555.1724384235062	0.001	CPU
('dRFE_0.1', 'ridge')	('dRFE_0.2', 'ridge')	101.05455579757691	93.38176741435284	108.72734418080098	64.96280702682986	0.001	CPU
('dRFE_0.1', 'ridge')	('dRFE_0.2', 'enet')	130.94246919155123	123.26968080832715	138.61525757477528	84.17621838590402	0.001	CPU
('dRFE_0.1', 'ridge')	('dRFE_0.2', 'svr')	71.35037970542908	63.677591322205004	79.02316808865315	45.86751098465536	0.001	CPU
('dRFE_0.1', 'ridge')	('dRFE_0.2', 'rf')	378.5247083425522	370.8519199593281	386.19749672577626	243.3341811150081	0.001	CPU
('dRFE_0.1', 'enet')	('dRFE_0.1', 'svr')	390.5756615638733	382.90287318064924	398.2484499470974	251.08112277862	0.001	CPU
('dRFE_0.1', 'enet')	('dRFE_0.1', 'rf')	921.1491387367248	913.4763503535007	928.8219271199489	592.1596831571966	0.001	CPU
('dRFE_0.1', 'enet')	('dRFE_0.2', 'ridge')	43.5181013584137	35.84531297518963	51.190889741637776	27.975562293139475	0.001	CPU
('dRFE_0.1', 'enet')	('dRFE_0.2', 'enet')	73.40601475238802	65.73322636916394	81.07880313561209	47.18897365221363	0.001	CPU
('dRFE_0.1', 'enet')	('dRFE_0.2', 'svr')	128.88683414459229	121.21404576136821	136.55962252781634	82.85475571834574	0.001	CPU
('dRFE_0.1', 'enet')	('dRFE_0.2', 'rf')	436.0611627817154	428.3883743984913	443.73395116493947	280.3214258486985	0.001	CPU
('dRFE_0.1', 'svr')	('dRFE_0.1', 'rf')	530.5734771728514	522.9006887896273	538.2462655560755	341.0785603785765	0.001	CPU
('dRFE_0.1', 'svr')	('dRFE_0.2', 'ridge')	434.09376292228706	426.42097453906297	441.76655130551114	279.0566850717595	0.001	CPU
('dRFE_0.1', 'svr')	('dRFE_0.2', 'enet')	463.9816763162613	456.3088879330372	471.6544646994854	298.2700964308336	0.001	CPU
('dRFE_0.1', 'svr')	('dRFE_0.2', 'svr')	261.68882741928104	254.01603903605698	269.3616158025051	168.22636706027424	0.001	CPU
('dRFE_0.1', 'svr')	('dRFE_0.2', 'rf')	45.48550121784206	37.81271283461798	53.15828960106613	29.24030307007851	0.001	CPU
('dRFE_0.1', 'rf')	('dRFE_0.2', 'ridge')	964.6672400951385	956.9944517119144	972.3400284783626	620.135245450336	0.001	CPU
('dRFE_0.1', 'rf')	('dRFE_0.2', 'enet')	994.5551534891127	986.8823651058887	1002.2279418723368	639.3486568094102	0.001	CPU
('dRFE_0.1', 'rf')	('dRFE_0.2', 'svr')	792.2623045921325	784.5895162089084	799.9350929753566	509.3049274388508	0.001	CPU
('dRFE_0.1', 'rf')	('dRFE_0.2', 'rf')	485.08797595500937	477.4151875717853	492.76076433823346	311.83825730849804	0.001	CPU
('dRFE_0.2', 'ridge')	('dRFE_0.2', 'enet')	29.887913393974316	22.215125010750246	37.56070177719839	19.213411359074154	0.001	CPU
('dRFE_0.2', 'ridge')	('dRFE_0.2', 'svr')	172.404935503006	164.73214711978193	180.07772388623005	110.83031801148522	0.001	CPU
('dRFE_0.2', 'ridge')	('dRFE_0.2', 'rf')	479.5792641401291	471.906475756905	487.2520525233532	308.29698814183797	0.001	CPU
('dRFE_0.2', 'enet')	('dRFE_0.2', 'svr')	202.2928488969803	194.62006051375624	209.96563728020436	130.0437293705594	0.001	CPU
('dRFE_0.2', 'enet')	('dRFE_0.2', 'rf')	509.46717753410337	501.7943891508793	517.1399659173275	327.5103995009121	0.001	CPU
('dRFE_0.2', 'svr')	('dRFE_0.2', 'rf')	307.1743286371231	299.501540253899	314.8471170203472	197.46667013035275	0.001	CPU
('RFE_0.1', 'ridge')	('RFE_0.1', 'enet')	0.0781878187818783	-0.16345476556141778	0.3198304031251744	1.5959810534195646	0.9	Accuracy
('RFE_0.1', 'ridge')	('RFE_0.1', 'svr')	0.010001000100010038	-0.23164158424328604	0.25164358444330615	0.20414185896899056	0.9	Accuracy
('RFE_0.1', 'ridge')	('RFE_0.1', 'rf')	0.2487048704870487	0.007062286143752622	0.4903474548303448	5.076599748840838	0.036802930231909614	Accuracy
('RFE_0.1', 'ridge')	('RFE_100.0', 'ridge')	0.16136613661366128	-0.0802764477296348	0.4030087209569574	3.293828894464649	0.5883243108758596	Accuracy
('RFE_0.1', 'ridge')	('RFE_100.0', 'enet')	0.16176617661766168	-0.0798764077256344	0.4034087609609578	3.3019945688234085	0.5846934353009718	Accuracy
('RFE_0.1', 'ridge')	('RFE_100.0', 'svr')	0.1530053005300528	-0.08863728381324329	0.3946478848733489	3.1231663003665706	0.6642290527673856	Accuracy
('RFE_0.1', 'ridge')	('RFE_100.0', 'rf')	0.15996599659965982	-0.08167658774363626	0.40160858094295593	3.2652490342089893	0.6010369591366426	Accuracy
('RFE_0.1', 'ridge')	('dRFE_0.1', 'ridge')	0.1285028502850284	-0.11313973405826769	0.3701454346283245	2.623018745892548	0.8866669677550054	Accuracy
('RFE_0.1', 'ridge')	('dRFE_0.1', 'enet')	0.15913591359135904	-0.08250667075193704	0.40077849793465514	3.248305259914564	0.6085724027640048	Accuracy
('RFE_0.1', 'ridge')	('dRFE_0.1', 'svr')	0.09244924492449225	-0.14919333941880383	0.33409182926778835	1.8870873443093377	0.9	Accuracy
('RFE_0.1', 'ridge')	('dRFE_0.1', 'rf')	0.16571657165716536	-0.07592601268613072	0.40735915600046146	3.3826306031161537	0.5488302273148031	Accuracy
('RFE_0.1', 'ridge')	('dRFE_0.2', 'ridge')	0.12344234423442335	-0.11820024010887273	0.36508492857771946	2.5197229652542394	0.9	Accuracy
('RFE_0.1', 'ridge')	('dRFE_0.2', 'enet')	0.15790579057905785	-0.08373679376423823	0.39954837492235395	3.223195811261379	0.6197407110706222	Accuracy
('RFE_0.1', 'ridge')	('dRFE_0.2', 'svr')	0.09121912191219128	-0.1504234624311048	0.3328617062554874	1.8619778956561572	0.9	Accuracy
('RFE_0.1', 'ridge')	('dRFE_0.2', 'rf')	0.1657365736573655	-0.07590601068593059	0.4073791580006616	3.383038886834094	0.5486492896596598	Accuracy
('RFE_0.1', 'enet')	('RFE_0.1', 'svr')	0.08818881888188834	-0.15345376546140774	0.32983140322518445	1.8001229123885554	0.9	Accuracy
('RFE_0.1', 'enet')	('RFE_0.1', 'rf')	0.1705170517051704	-0.07112553263812568	0.4121596360484665	3.4806186954212737	0.5052512428400737	Accuracy
('RFE_0.1', 'enet')	('RFE_100.0', 'ridge')	0.2395539553955396	-0.0020886289477564934	0.4811965397388357	4.889809947884213	0.05473698991295173	Accuracy
('RFE_0.1', 'enet')	('RFE_100.0', 'enet')	0.23995399539954	-0.001688588943756092	0.4815965797428361	4.897975622242973	0.053800495762533096	Accuracy
('RFE_0.1', 'enet')	('RFE_100.0', 'svr')	0.2311931193119311	-0.010449465031364985	0.4728357036552272	4.719147353786135	0.07766121455396513	Accuracy
('RFE_0.1', 'enet')	('RFE_100.0', 'rf')	0.23815381538153813	-0.0034887689617579543	0.47979639972483423	4.861230087628554	0.058129593204106045	Accuracy
('RFE_0.1', 'enet')	('dRFE_0.1', 'ridge')	0.2066906690669067	-0.034951915276389384	0.4483332534102028	4.218999799312113	0.18947699929327944	Accuracy
('RFE_0.1', 'enet')	('dRFE_0.1', 'enet')	0.23732373237323734	-0.00431885197005874	0.47896631671653345	4.844286313334129	0.06022307074683786	Accuracy
('RFE_0.1', 'enet')	('dRFE_0.1', 'svr')	0.17063706370637055	-0.07100552063692553	0.41227964804966666	3.4830683977289025	0.5041633096349092	Accuracy
('RFE_0.1', 'enet')	('dRFE_0.1', 'rf')	0.24390439043904366	0.0022618060957475816	0.48554697478233977	4.978611656535718	0.04542104662935975	Accuracy
('RFE_0.1', 'enet')	('dRFE_0.2', 'ridge')	0.20163016301630166	-0.040012421326994424	0.44327274735959776	4.115704018673804	0.22354147070474262	Accuracy
('RFE_0.1', 'enet')	('dRFE_0.2', 'enet')	0.23609360936093615	-0.005548974982359928	0.47773619370423226	4.819176864680943	0.06344682494523779	Accuracy
('RFE_0.1', 'enet')	('dRFE_0.2', 'svr')	0.16940694069406959	-0.0722356436492265	0.4110495250373657	3.457958949075722	0.5153310007454344	Accuracy
('RFE_0.1', 'enet')	('dRFE_0.2', 'rf')	0.2439243924392438	0.0022818080959477183	0.4855669767825399	4.979019940253659	0.04538422648535778	Accuracy
('RFE_0.1', 'svr')	('RFE_0.1', 'rf')	0.25870587058705874	0.01706328624376266	0.5003484549303548	5.280741607809829	0.023256214914742168	Accuracy
('RFE_0.1', 'svr')	('RFE_100.0', 'ridge')	0.15136513651365124	-0.09027744782964484	0.39300772085694735	3.0896870354956585	0.6791175961927448	Accuracy
('RFE_0.1', 'svr')	('RFE_100.0', 'enet')	0.15176517651765165	-0.08987740782564443	0.39340776086094775	3.097852709854418	0.6754840159867799	Accuracy
('RFE_0.1', 'svr')	('RFE_100.0', 'svr')	0.14300430043004275	-0.09863828391325333	0.38464688477333886	2.91902444139758	0.7550182050640697	Accuracy
('RFE_0.1', 'svr')	('RFE_100.0', 'rf')	0.14996499649964978	-0.0916775878436463	0.3916075808429459	3.0611071752399983	0.6918283148212896	Accuracy
('RFE_0.1', 'svr')	('dRFE_0.1', 'ridge')	0.11850185018501835	-0.12314073415827773	0.36014443452831446	2.4188768869235573	0.9	Accuracy
('RFE_0.1', 'svr')	('dRFE_0.1', 'enet')	0.149134913491349	-0.09250767085194708	0.3907774978346451	3.0441634009455734	0.6993651232671301	Accuracy
('RFE_0.1', 'svr')	('dRFE_0.1', 'svr')	0.08244824482448221	-0.15919433951881387	0.3240908291677783	1.6829454853403472	0.9	Accuracy
('RFE_0.1', 'svr')	('dRFE_0.1', 'rf')	0.15571557155715532	-0.08592701278614076	0.3973581559004514	3.178488744147163	0.639620919368131	Accuracy
('RFE_0.1', 'svr')	('dRFE_0.2', 'ridge')	0.11344134413441331	-0.12820124020888277	0.3550839284777094	2.315581106285249	0.9	Accuracy
('RFE_0.1', 'svr')	('dRFE_0.2', 'enet')	0.1479047904790478	-0.09373779386424827	0.3895473748223439	3.0190539522923885	0.7105312448190564	Accuracy
('RFE_0.1', 'svr')	('dRFE_0.2', 'svr')	0.08121812181218124	-0.16042446253111484	0.32286070615547735	1.6578360366871667	0.9	Accuracy
('RFE_0.1', 'svr')	('dRFE_0.2', 'rf')	0.15573557355735546	-0.08590701078594062	0.39737815790065156	3.1788970278651036	0.6394404859843018	Accuracy
('RFE_0.1', 'rf')	('RFE_100.0', 'ridge')	0.41007100710071	0.1684284227574139	0.6517135914440061	8.370428643305488	0.001	Accuracy
('RFE_0.1', 'rf')	('RFE_100.0', 'enet')	0.4104710471047104	0.1688284627614143	0.6521136314480065	8.378594317664247	0.001	Accuracy
('RFE_0.1', 'rf')	('RFE_100.0', 'svr')	0.4017101710171015	0.1600675866738054	0.6433527553603976	8.19976604920741	0.001	Accuracy
('RFE_0.1', 'rf')	('RFE_100.0', 'rf')	0.4086708670867085	0.16702828274341244	0.6503134514300046	8.341848783049828	0.001	Accuracy
('RFE_0.1', 'rf')	('dRFE_0.1', 'ridge')	0.3772077207720771	0.135565136428781	0.6188503051153732	7.699618494733386	0.001	Accuracy
('RFE_0.1', 'rf')	('dRFE_0.1', 'enet')	0.40784078407840774	0.16619819973511166	0.6494833684217038	8.324905008755403	0.001	Accuracy
('RFE_0.1', 'rf')	('dRFE_0.1', 'svr')	0.34115411541154095	0.09951153106824487	0.582796699754837	6.963687093150176	0.001	Accuracy
('RFE_0.1', 'rf')	('dRFE_0.1', 'rf')	0.41442144214421406	0.17277885780091798	0.6560640264875102	8.459230351956993	0.001	Accuracy
('RFE_0.1', 'rf')	('dRFE_0.2', 'ridge')	0.37214721472147205	0.13050463037817597	0.6137897990647682	7.596322714095078	0.001	Accuracy
('RFE_0.1', 'rf')	('dRFE_0.2', 'enet')	0.40661066106610655	0.16496807672281047	0.6482532454094027	8.299795560102217	0.001	Accuracy
('RFE_0.1', 'rf')	('dRFE_0.2', 'svr')	0.33992399239924	0.0982814080559439	0.5815665767425361	6.938577644496996	0.001	Accuracy
('RFE_0.1', 'rf')	('dRFE_0.2', 'rf')	0.4144414441444142	0.17279885980111812	0.6560840284877103	8.459638635674933	0.001	Accuracy
('RFE_100.0', 'ridge')	('RFE_100.0', 'enet')	0.0004000400040004015	-0.24124254433929568	0.24204262434729648	0.008165674358759622	0.9	Accuracy
('RFE_100.0', 'ridge')	('RFE_100.0', 'svr')	0.008360836083608492	-0.2332817482596876	0.2500034204269046	0.17066259409807816	0.9	Accuracy
('RFE_100.0', 'ridge')	('RFE_100.0', 'rf')	0.0014001400140014608	-0.24024244432929462	0.24304272435729754	0.02857986025565981	0.9	Accuracy
('RFE_100.0', 'ridge')	('dRFE_0.1', 'ridge')	0.03286328632863289	-0.2087792980146632	0.274505870671929	0.6708101485721011	0.9	Accuracy
('RFE_100.0', 'ridge')	('dRFE_0.1', 'enet')	0.0022302230223022468	-0.23941236132099383	0.24387280736559833	0.04552363455008507	0.9	Accuracy
('RFE_100.0', 'ridge')	('dRFE_0.1', 'svr')	0.06891689168916904	-0.17272569265412704	0.31055947603246514	1.406741550155311	0.9	Accuracy
('RFE_100.0', 'ridge')	('dRFE_0.1', 'rf')	0.004350435043504075	-0.237292149299792	0.24599301938680015	0.08880170865150494	0.9	Accuracy
('RFE_100.0', 'ridge')	('dRFE_0.2', 'ridge')	0.03792379237923793	-0.20371879196405815	0.27956637672253404	0.7741059292104095	0.9	Accuracy
('RFE_100.0', 'ridge')	('dRFE_0.2', 'enet')	0.0034603460346034343	-0.23818223830869265	0.2451029303778995	0.07063308320326994	0.9	Accuracy
('RFE_100.0', 'ridge')	('dRFE_0.2', 'svr')	0.07014701470147	-0.17149556964182608	0.3117895990447661	1.4318509988084915	0.9	Accuracy
('RFE_100.0', 'ridge')	('dRFE_0.2', 'rf')	0.004370437043704212	-0.23727214729959187	0.2460130213870003	0.08920999236944531	0.9	Accuracy
('RFE_100.0', 'enet')	('RFE_100.0', 'svr')	0.008760876087608893	-0.2328817082556872	0.250403460430905	0.17882826845683777	0.9	Accuracy
('RFE_100.0', 'enet')	('RFE_100.0', 'rf')	0.0018001800180018623	-0.23984240432529422	0.24344276436129794	0.036745534614419435	0.9	Accuracy
('RFE_100.0', 'enet')	('dRFE_0.1', 'ridge')	0.03326332633263329	-0.2083792580106628	0.2749059106759294	0.6789758229308607	0.9	Accuracy
('RFE_100.0', 'enet')	('dRFE_0.1', 'enet')	0.0026302630263026483	-0.23901232131699343	0.24427284736959873	0.053689308908844685	0.9	Accuracy
('RFE_100.0', 'enet')	('dRFE_0.1', 'svr')	0.06931693169316944	-0.17232565265012664	0.31095951603646554	1.4149072245140708	0.9	Accuracy
('RFE_100.0', 'enet')	('dRFE_0.1', 'rf')	0.0039503950395036735	-0.2376921893037924	0.24559297938279975	0.08063603429274532	0.9	Accuracy
('RFE_100.0', 'enet')	('dRFE_0.2', 'ridge')	0.03832383238323833	-0.20331875196005775	0.27996641672653444	0.7822716035691691	0.9	Accuracy
('RFE_100.0', 'enet')	('dRFE_0.2', 'enet')	0.0038603860386038358	-0.23778219830469224	0.24550297038189992	0.07879875756202956	0.9	Accuracy
('RFE_100.0', 'enet')	('dRFE_0.2', 'svr')	0.0705470547054704	-0.17109552963782568	0.3121896390487665	1.4400166731672512	0.9	Accuracy
('RFE_100.0', 'enet')	('dRFE_0.2', 'rf')	0.00397039703970381	-0.23767218730359227	0.2456129813829999	0.08104431801068568	0.9	Accuracy
('RFE_100.0', 'svr')	('RFE_100.0', 'rf')	0.006960696069607031	-0.23468188827368905	0.2486032804129031	0.14208273384241835	0.9	Accuracy
('RFE_100.0', 'svr')	('dRFE_0.1', 'ridge')	0.0245024502450244	-0.21714013409827168	0.2661450345883205	0.5001475544740229	0.9	Accuracy
('RFE_100.0', 'svr')	('dRFE_0.1', 'enet')	0.006130613061306245	-0.23551197128198983	0.24777319740460232	0.1251389595479931	0.9	Accuracy
('RFE_100.0', 'svr')	('dRFE_0.1', 'svr')	0.060556055605560544	-0.18108652873773554	0.30219863994885665	1.236078956057233	0.9	Accuracy
('RFE_100.0', 'svr')	('dRFE_0.1', 'rf')	0.012711271127112567	-0.2289313132161835	0.2543538554704087	0.2594643027495831	0.9	Accuracy
('RFE_100.0', 'svr')	('dRFE_0.2', 'ridge')	0.02956295629562944	-0.21207962804766664	0.27120554063892555	0.6034433351123314	0.9	Accuracy
('RFE_100.0', 'svr')	('dRFE_0.2', 'enet')	0.004900490049005057	-0.23674209429429102	0.24654307439230114	0.10002951089480822	0.9	Accuracy
('RFE_100.0', 'svr')	('dRFE_0.2', 'svr')	0.06178617861786151	-0.17985640572543457	0.3034287629611576	1.2611884047104134	0.9	Accuracy
('RFE_100.0', 'svr')	('dRFE_0.2', 'rf')	0.012731273127312703	-0.22891131121598338	0.2543738574706088	0.2598725864675235	0.9	Accuracy
('RFE_100.0', 'rf')	('dRFE_0.1', 'ridge')	0.03146314631463143	-0.21017943802866465	0.27310573065792754	0.6422302883164412	0.9	Accuracy
('RFE_100.0', 'rf')	('dRFE_0.1', 'enet')	0.000830083008300786	-0.2408125013349953	0.24247266735159687	0.016943774294425253	0.9	Accuracy
('RFE_100.0', 'rf')	('dRFE_0.1', 'svr')	0.06751675167516757	-0.1741258326681285	0.3091593360184637	1.3781616898996514	0.9	Accuracy
('RFE_100.0', 'rf')	('dRFE_0.1', 'rf')	0.005750575057505536	-0.23589200928579054	0.24739315940080162	0.11738156890716475	0.9	Accuracy
('RFE_100.0', 'rf')	('dRFE_0.2', 'ridge')	0.03652365236523647	-0.2051189319780596	0.2781662367085326	0.7455260689547497	0.9	Accuracy
('RFE_100.0', 'rf')	('dRFE_0.2', 'enet')	0.0020602060206019734	-0.2395823783226941	0.24370279036389805	0.04205322294761013	0.9	Accuracy
('RFE_100.0', 'rf')	('dRFE_0.2', 'svr')	0.06874687468746854	-0.17289570965582754	0.31038945903076465	1.4032711385528318	0.9	Accuracy
('RFE_100.0', 'rf')	('dRFE_0.2', 'rf')	0.0057705770577056725	-0.2358720072855904	0.24741316140100175	0.11778985262510512	0.9	Accuracy
('dRFE_0.1', 'ridge')	('dRFE_0.1', 'enet')	0.030633063306330643	-0.21100952103696544	0.27227564764962675	0.625286514022016	0.9	Accuracy
('dRFE_0.1', 'ridge')	('dRFE_0.1', 'svr')	0.036053605360536145	-0.20558897898275993	0.27769618970383225	0.7359314015832101	0.9	Accuracy
('dRFE_0.1', 'ridge')	('dRFE_0.1', 'rf')	0.037213721372136965	-0.20442886297115911	0.2788563057154331	0.759611857223606	0.9	Accuracy
('dRFE_0.1', 'ridge')	('dRFE_0.2', 'ridge')	0.00506050605060504	-0.23658207829269104	0.24670309039390112	0.10329578063830844	0.9	Accuracy
('dRFE_0.1', 'ridge')	('dRFE_0.2', 'enet')	0.029402940294029456	-0.21223964404926662	0.27104552463732556	0.6001770653688311	0.9	Accuracy
('dRFE_0.1', 'ridge')	('dRFE_0.2', 'svr')	0.03728372837283711	-0.20435885597045897	0.2789263127161332	0.7610408502363905	0.9	Accuracy
('dRFE_0.1', 'ridge')	('dRFE_0.2', 'rf')	0.0372337233723371	-0.20440886097095898	0.2788763077156332	0.7600201409415464	0.9	Accuracy
('dRFE_0.1', 'enet')	('dRFE_0.1', 'svr')	0.06668666866686679	-0.1749559156764293	0.3083292530101629	1.3612179156052262	0.9	Accuracy
('dRFE_0.1', 'enet')	('dRFE_0.1', 'rf')	0.006580658065806322	-0.23506192627748976	0.2482232424091024	0.13432534320159	0.9	Accuracy
('dRFE_0.1', 'enet')	('dRFE_0.2', 'ridge')	0.035693569356935684	-0.2059490149863604	0.2773361537002318	0.7285822946603244	0.9	Accuracy
('dRFE_0.1', 'enet')	('dRFE_0.2', 'enet')	0.0012301230123011875	-0.2404124613309949	0.24287270735559727	0.025109448653184877	0.9	Accuracy
('dRFE_0.1', 'enet')	('dRFE_0.2', 'svr')	0.06791679167916775	-0.17372579266412833	0.30955937602246386	1.3863273642584064	0.9	Accuracy
('dRFE_0.1', 'enet')	('dRFE_0.2', 'rf')	0.0066006600660064585	-0.23504192427728962	0.24824324440930254	0.13473362691953036	0.9	Accuracy
('dRFE_0.1', 'svr')	('dRFE_0.1', 'rf')	0.07326732673267311	-0.16837525761062297	0.3149099110759692	1.495543258806816	0.9	Accuracy
('dRFE_0.1', 'svr')	('dRFE_0.2', 'ridge')	0.030993099309931105	-0.21064948503336497	0.2726356836532272	0.6326356209449017	0.9	Accuracy
('dRFE_0.1', 'svr')	('dRFE_0.2', 'enet')	0.0654565456545656	-0.17618603868873048	0.3070991299978617	1.3361084669520413	0.9	Accuracy
('dRFE_0.1', 'svr')	('dRFE_0.2', 'svr')	0.0012301230123009654	-0.24041246133099511	0.24287270735559705	0.025109448653180343	0.9	Accuracy
('dRFE_0.1', 'svr')	('dRFE_0.2', 'rf')	0.07328732873287325	-0.16835525561042283	0.31492991307616935	1.4959515425247565	0.9	Accuracy
('dRFE_0.1', 'rf')	('dRFE_0.2', 'ridge')	0.042274227422742006	-0.19936835692055407	0.2839168117660381	0.8629076378619145	0.9	Accuracy
('dRFE_0.1', 'rf')	('dRFE_0.2', 'enet')	0.007810781078107509	-0.23383180326518857	0.2494533654214036	0.15943479185477488	0.9	Accuracy
('dRFE_0.1', 'rf')	('dRFE_0.2', 'svr')	0.07449744974497408	-0.167145134598322	0.3161400340882702	1.5206527074599965	0.9	Accuracy
('dRFE_0.1', 'rf')	('dRFE_0.2', 'rf')	2.000200020013665e-05	-0.24162258234309594	0.24166258634349622	0.00040828371794036065	0.9	Accuracy
('dRFE_0.2', 'ridge')	('dRFE_0.2', 'enet')	0.034463446344634496	-0.20717913799866158	0.2761060306879306	0.7034728460071396	0.9	Accuracy
('dRFE_0.2', 'ridge')	('dRFE_0.2', 'svr')	0.03222322232223207	-0.209419362021064	0.2738658066655282	0.6577450695980821	0.9	Accuracy
('dRFE_0.2', 'ridge')	('dRFE_0.2', 'rf')	0.04229422942294214	-0.19934835492035394	0.28393681376623825	0.8633159215798548	0.9	Accuracy
('dRFE_0.2', 'enet')	('dRFE_0.2', 'svr')	0.06668666866686657	-0.1749559156764295	0.3083292530101627	1.3612179156052215	0.9	Accuracy
('dRFE_0.2', 'enet')	('dRFE_0.2', 'rf')	0.007830783078307646	-0.23381180126498843	0.24947336742160373	0.15984307557271524	0.9	Accuracy
('dRFE_0.2', 'svr')	('dRFE_0.2', 'rf')	0.07451745174517421	-0.16712513259812187	0.3161600360884703	1.521060991177937	0.9	Accuracy
('RFE_0.1', 'ridge')	('RFE_0.1', 'enet')	0.291592695697665	0.025131303242931613	0.5580540881523983	5.397646682409383	0.01772573727575044	FDR
('RFE_0.1', 'ridge')	('RFE_0.1', 'svr')	0.000500000000000056	-0.2659613924547333	0.26696139245473344	0.00925545591856403	0.9	FDR
('RFE_0.1', 'ridge')	('RFE_0.1', 'rf')	0.3023441926654008	0.03588280021066742	0.5688055851201341	5.596666694896268	0.01096410348682697	FDR
('RFE_0.1', 'ridge')	('RFE_100.0', 'ridge')	0.03633637337748896	-0.23012501907724442	0.30279776583222234	0.67261940407159	0.9	FDR
('RFE_0.1', 'ridge')	('RFE_100.0', 'enet')	0.016336373377488944	-0.25012501907724444	0.2827977658322223	0.30240116732906996	0.9	FDR
('RFE_0.1', 'ridge')	('RFE_100.0', 'svr')	0.10108637337748905	-0.16537501907724433	0.36754776583222243	1.8712009455254992	0.9	FDR
('RFE_0.1', 'ridge')	('RFE_100.0', 'rf')	0.10633637337748902	-0.16012501907724436	0.3727977658322224	1.9683832326704103	0.9	FDR
('RFE_0.1', 'ridge')	('dRFE_0.1', 'ridge')	0.2483724276253373	-0.018088964829396093	0.5148338200800706	4.5976001105455735	0.09740614919936097	FDR
('RFE_0.1', 'ridge')	('dRFE_0.1', 'enet')	0.07838403777203595	-0.18807735468269743	0.34484543022676933	1.4509600126361109	0.9	FDR
('RFE_0.1', 'ridge')	('dRFE_0.1', 'svr')	0.2786266787005811	0.012165286245847728	0.5450880711553145	5.157633884897686	0.03075523190399132	FDR
('RFE_0.1', 'ridge')	('dRFE_0.1', 'rf')	0.1821966251555096	-0.08426476729922378	0.448658017610243	3.372625665275529	0.5532822483991817	FDR
('RFE_0.1', 'ridge')	('dRFE_0.2', 'ridge')	0.25291828249263393	-0.013543109962099453	0.5193796749473674	4.681748029218472	0.08352233752765992	FDR
('RFE_0.1', 'ridge')	('dRFE_0.2', 'enet')	0.09875091607163689	-0.1677104763830965	0.36521230852637027	1.8279695012374981	0.9	FDR
('RFE_0.1', 'ridge')	('dRFE_0.2', 'svr')	0.2789085247390549	0.012447132284321538	0.5453699171937882	5.162851112067518	0.030397200415919312	FDR
('RFE_0.1', 'ridge')	('dRFE_0.2', 'rf')	0.1859255313844158	-0.08053586107031757	0.4523869238391492	3.4416511197277218	0.5225814918957068	FDR
('RFE_0.1', 'enet')	('RFE_0.1', 'svr')	0.29209269569766505	0.02563130324293167	0.5585540881523985	5.406902138327947	0.017343622262907976	FDR
('RFE_0.1', 'enet')	('RFE_0.1', 'rf')	0.010751496967735807	-0.2557098954869976	0.2772128894224692	0.19902001248688492	0.9	FDR
('RFE_0.1', 'enet')	('RFE_100.0', 'ridge')	0.25525632232017603	-0.011205070134557349	0.5217177147749095	4.725027278337793	0.07676387186655931	FDR
('RFE_0.1', 'enet')	('RFE_100.0', 'enet')	0.27525632232017605	0.008794929865442669	0.5417177147749095	5.095245515080313	0.035327435911128635	FDR
('RFE_0.1', 'enet')	('RFE_100.0', 'svr')	0.19050632232017595	-0.07595507013455743	0.45696771477490933	3.5264457368838835	0.4845225153160141	FDR
('RFE_0.1', 'enet')	('RFE_100.0', 'rf')	0.18525632232017597	-0.08120507013455741	0.45171771477490935	3.4292634497389725	0.5280902428595271	FDR
('RFE_0.1', 'enet')	('dRFE_0.1', 'ridge')	0.043220268072327706	-0.22324112438240568	0.3096816605270611	0.8000465718638093	0.9	FDR
('RFE_0.1', 'enet')	('dRFE_0.1', 'enet')	0.21320865792562904	-0.05325273452910434	0.4796700503803624	3.946686669773272	0.28712412354147476	FDR
('RFE_0.1', 'enet')	('dRFE_0.1', 'svr')	0.012966016997083885	-0.2534953754576495	0.27942740945181727	0.24001279751169682	0.9	FDR
('RFE_0.1', 'enet')	('dRFE_0.1', 'rf')	0.4737893208531746	0.20732792839844122	0.7402507133079079	8.770272347684912	0.001	FDR
('RFE_0.1', 'enet')	('dRFE_0.2', 'ridge')	0.038674413205031066	-0.22778697924970231	0.30513580565976445	0.7158986531909112	0.9	FDR
('RFE_0.1', 'enet')	('dRFE_0.2', 'enet')	0.1928417796260281	-0.07361961282870527	0.4593031720807615	3.5696771811718846	0.46417753640328707	FDR
('RFE_0.1', 'enet')	('dRFE_0.2', 'svr')	0.012684170958610075	-0.2537772214961233	0.27914556341334346	0.2347955703418649	0.9	FDR
('RFE_0.1', 'enet')	('dRFE_0.2', 'rf')	0.4775182270820808	0.21105683462734742	0.7439796195368142	8.839297802137105	0.001	FDR
('RFE_0.1', 'svr')	('RFE_0.1', 'rf')	0.30284419266540086	0.036382800210667476	0.5693055851201343	5.605922150814832	0.010715795173713683	FDR
('RFE_0.1', 'svr')	('RFE_100.0', 'ridge')	0.03683637337748902	-0.22962501907724436	0.3032977658322224	0.6818748599901541	0.9	FDR
('RFE_0.1', 'svr')	('RFE_100.0', 'enet')	0.016836373377489	-0.24962501907724438	0.2832977658322224	0.311656623247634	0.9	FDR
('RFE_0.1', 'svr')	('RFE_100.0', 'svr')	0.1015863733774891	-0.16487501907724428	0.3680477658322225	1.8804564014440632	0.9	FDR
('RFE_0.1', 'svr')	('RFE_100.0', 'rf')	0.10683637337748908	-0.1596250190772443	0.37329776583222246	1.9776386885889743	0.9	FDR
('RFE_0.1', 'svr')	('dRFE_0.1', 'ridge')	0.24887242762533734	-0.017588964829396037	0.5153338200800708	4.606855566464137	0.0956609011923285	FDR
('RFE_0.1', 'svr')	('dRFE_0.1', 'enet')	0.07888403777203601	-0.18757735468269737	0.3453454302267694	1.4602154685546749	0.9	FDR
('RFE_0.1', 'svr')	('dRFE_0.1', 'svr')	0.27912667870058117	0.012665286245847784	0.5455880711553145	5.16688934081625	0.030121699788402623	FDR
('RFE_0.1', 'svr')	('dRFE_0.1', 'rf')	0.18169662515550955	-0.08476476729922383	0.44815801761024293	3.3633702093569653	0.5573985494964595	FDR
('RFE_0.1', 'svr')	('dRFE_0.2', 'ridge')	0.253418282492634	-0.013043109962099397	0.5198796749473673	4.691003485137036	0.08204508568246727	FDR
('RFE_0.1', 'svr')	('dRFE_0.2', 'enet')	0.09925091607163694	-0.16721047638309644	0.3657123085263703	1.8372249571560622	0.9	FDR
('RFE_0.1', 'svr')	('dRFE_0.2', 'svr')	0.279408524739055	0.012947132284321594	0.5458699171937884	5.172106567986082	0.029771073125454794	FDR
('RFE_0.1', 'svr')	('dRFE_0.2', 'rf')	0.18542553138441575	-0.08103586107031763	0.45188692383914913	3.432395663809158	0.5267008013906176	FDR
('RFE_0.1', 'rf')	('RFE_100.0', 'ridge')	0.26600781928791184	-0.0004535731668215415	0.5324692117426453	4.924047290824678	0.05090212038185227	FDR
('RFE_0.1', 'rf')	('RFE_100.0', 'enet')	0.28600781928791186	0.019546426833178476	0.5524692117426453	5.294265527567198	0.022545544422659214	FDR
('RFE_0.1', 'rf')	('RFE_100.0', 'svr')	0.20125781928791175	-0.06520357316682163	0.46771921174264514	3.7254657493707684	0.38723875466836133	FDR
('RFE_0.1', 'rf')	('RFE_100.0', 'rf')	0.19600781928791178	-0.0704535731668216	0.46246921174264516	3.6282834622258573	0.4356363166281224	FDR
('RFE_0.1', 'rf')	('dRFE_0.1', 'ridge')	0.05397176504006351	-0.21248962741466987	0.3204331574947969	0.9990665843506942	0.9	FDR
('RFE_0.1', 'rf')	('dRFE_0.1', 'enet')	0.22396015489336485	-0.04250123756136853	0.49042154734809823	4.145706682260157	0.21328107305337574	FDR
('RFE_0.1', 'rf')	('dRFE_0.1', 'svr')	0.023717513964819692	-0.2427438784899137	0.2901789064195531	0.43903280999858174	0.9	FDR
('RFE_0.1', 'rf')	('dRFE_0.1', 'rf')	0.4845408178209104	0.21807942536617703	0.7510022102756437	8.969292360171798	0.001	FDR
('RFE_0.1', 'rf')	('dRFE_0.2', 'ridge')	0.049425910172766874	-0.2170354822819665	0.31588730262750025	0.9149186656777961	0.9	FDR
('RFE_0.1', 'rf')	('dRFE_0.2', 'enet')	0.20359327659376392	-0.06286811586096946	0.4700546690484973	3.76869719365877	0.36594123670100276	FDR
('RFE_0.1', 'rf')	('dRFE_0.2', 'svr')	0.023435667926345882	-0.2430257245283875	0.28989706038107926	0.4338155828287498	0.9	FDR
('RFE_0.1', 'rf')	('dRFE_0.2', 'rf')	0.4882697240498166	0.22180833159508323	0.75473111650455	9.038317814623989	0.001	FDR
('RFE_100.0', 'ridge')	('RFE_100.0', 'enet')	0.020000000000000018	-0.24646139245473336	0.2864613924547334	0.3702182367425201	0.9	FDR
('RFE_100.0', 'ridge')	('RFE_100.0', 'svr')	0.06475000000000009	-0.2017113924547333	0.33121139245473347	1.1985815414539092	0.9	FDR
('RFE_100.0', 'ridge')	('RFE_100.0', 'rf')	0.07000000000000006	-0.19646139245473332	0.33646139245473344	1.2957638285988202	0.9	FDR
('RFE_100.0', 'ridge')	('dRFE_0.1', 'ridge')	0.21203605424784833	-0.054425338206885054	0.4784974467025817	3.9249807064739834	0.29601109021051064	FDR
('RFE_100.0', 'ridge')	('dRFE_0.1', 'enet')	0.04204766439454699	-0.2244137280601864	0.30850905684928037	0.7783406085645208	0.9	FDR
('RFE_100.0', 'ridge')	('dRFE_0.1', 'svr')	0.24229030532309215	-0.024171087131641233	0.5087516977778255	4.485014480826096	0.12072312459922663	FDR
('RFE_100.0', 'ridge')	('dRFE_0.1', 'rf')	0.21853299853299857	-0.04792839392173481	0.48499439098773195	4.04524506934712	0.2484502453895936	FDR
('RFE_100.0', 'ridge')	('dRFE_0.2', 'ridge')	0.21658190911514497	-0.049879483339588415	0.48304330156987835	4.009128625146881	0.2622493756757174	FDR
('RFE_100.0', 'ridge')	('dRFE_0.2', 'enet')	0.06241454269414792	-0.20404684976058546	0.3288759351488813	1.155350097165908	0.9	FDR
('RFE_100.0', 'ridge')	('dRFE_0.2', 'svr')	0.24257215136156596	-0.023889241093167424	0.5090335438162994	4.490231707995928	0.11956721005107118	FDR
('RFE_100.0', 'ridge')	('dRFE_0.2', 'rf')	0.22226190476190477	-0.04419948769282861	0.48872329721663815	4.114270523799312	0.22403686129871103	FDR
('RFE_100.0', 'enet')	('RFE_100.0', 'svr')	0.0847500000000001	-0.18171139245473328	0.3512113924547335	1.5687997781964294	0.9	FDR
('RFE_100.0', 'enet')	('RFE_100.0', 'rf')	0.09000000000000008	-0.1764613924547333	0.35646139245473346	1.6659820653413404	0.9	FDR
('RFE_100.0', 'enet')	('dRFE_0.1', 'ridge')	0.23203605424784834	-0.03442533820688504	0.4984974467025817	4.295198943216503	0.16758455381818937	FDR
('RFE_100.0', 'enet')	('dRFE_0.1', 'enet')	0.06204766439454701	-0.20441372806018637	0.3285090568492804	1.1485588453070408	0.9	FDR
('RFE_100.0', 'enet')	('dRFE_0.1', 'svr')	0.26229030532309217	-0.004171087131641216	0.5287516977778255	4.855232717568616	0.058862524858028786	FDR
('RFE_100.0', 'enet')	('dRFE_0.1', 'rf')	0.19853299853299855	-0.06792839392173483	0.46499439098773193	3.675026832604599	0.4123928090331891	FDR
('RFE_100.0', 'enet')	('dRFE_0.2', 'ridge')	0.23658190911514498	-0.029879483339588397	0.5030433015698783	4.379346861889402	0.14464126084498752	FDR
('RFE_100.0', 'enet')	('dRFE_0.2', 'enet')	0.08241454269414794	-0.18404684976058544	0.3488759351488813	1.5255683339084283	0.9	FDR
('RFE_100.0', 'enet')	('dRFE_0.2', 'svr')	0.262572151361566	-0.003889241093167406	0.5290335438162994	4.860449944738448	0.058226353430126165	FDR
('RFE_100.0', 'enet')	('dRFE_0.2', 'rf')	0.20226190476190475	-0.06419948769282863	0.46872329721663814	3.7440522870567916	0.3780340196718833	FDR
('RFE_100.0', 'svr')	('RFE_100.0', 'rf')	0.005249999999999977	-0.2612113924547334	0.27171139245473336	0.097182287144911	0.9	FDR
('RFE_100.0', 'svr')	('dRFE_0.1', 'ridge')	0.14728605424784824	-0.11917533820688514	0.4137474467025816	2.7263991650200743	0.8406896446899532	FDR
('RFE_100.0', 'svr')	('dRFE_0.1', 'enet')	0.022702335605453094	-0.2437590568492803	0.2891637280601865	0.42024093288938846	0.9	FDR
('RFE_100.0', 'svr')	('dRFE_0.1', 'svr')	0.17754030532309206	-0.08892108713164132	0.44400169777782544	3.2864329393721867	0.5916166504318711	FDR
('RFE_100.0', 'svr')	('dRFE_0.1', 'rf')	0.28328299853299865	0.016821606078265272	0.549744390987732	5.243826610801029	0.025291397912740488	FDR
('RFE_100.0', 'svr')	('dRFE_0.2', 'ridge')	0.15183190911514488	-0.1146294833395885	0.41829330156987826	2.8105470836929722	0.803263483872026	FDR
('RFE_100.0', 'svr')	('dRFE_0.2', 'enet')	0.002335457305852162	-0.2641259351488812	0.26879684976058554	0.04323144428800116	0.9	FDR
('RFE_100.0', 'svr')	('dRFE_0.2', 'svr')	0.17782215136156587	-0.08863924109316751	0.44428354381629925	3.2916501665420186	0.5892961725144759	FDR
('RFE_100.0', 'svr')	('dRFE_0.2', 'rf')	0.28701190476190486	0.020550512307171476	0.5534732972166383	5.312852065253221	0.021604729988698	FDR
('RFE_100.0', 'rf')	('dRFE_0.1', 'ridge')	0.14203605424784826	-0.12442533820688512	0.40849744670258165	2.6292168778751632	0.883908805672155	FDR
('RFE_100.0', 'rf')	('dRFE_0.1', 'enet')	0.02795233560545307	-0.2385090568492803	0.29441372806018645	0.5174232200342994	0.9	FDR
('RFE_100.0', 'rf')	('dRFE_0.1', 'svr')	0.17229030532309209	-0.0941710871316413	0.43875169777782547	3.1892506522272757	0.6348368467110173	FDR
('RFE_100.0', 'rf')	('dRFE_0.1', 'rf')	0.28853299853299863	0.02207160607826525	0.554994390987732	5.341008897945939	0.020240932383010835	FDR
('RFE_100.0', 'rf')	('dRFE_0.2', 'ridge')	0.1465819091151449	-0.11987948333958848	0.4130433015698783	2.7133647965480616	0.846484544400801	FDR
('RFE_100.0', 'rf')	('dRFE_0.2', 'enet')	0.007585457305852139	-0.25887593514888124	0.2740468497605855	0.14041373143291216	0.9	FDR
('RFE_100.0', 'rf')	('dRFE_0.2', 'svr')	0.1725721513615659	-0.09388924109316749	0.4390335438162993	3.1944678793971075	0.6325159213510835	FDR
('RFE_100.0', 'rf')	('dRFE_0.2', 'rf')	0.29226190476190483	0.025800512307171453	0.5587232972166383	5.4100343523981325	0.017213912925136854	FDR
('dRFE_0.1', 'ridge')	('dRFE_0.1', 'enet')	0.16998838985330134	-0.09647300260143205	0.4364497823080347	3.146640097909463	0.6537868416535739	FDR
('dRFE_0.1', 'ridge')	('dRFE_0.1', 'svr')	0.03025425107524382	-0.23620714137948956	0.2967156435299772	0.5600337743521124	0.9	FDR
('dRFE_0.1', 'ridge')	('dRFE_0.1', 'rf')	0.4305690527808469	0.1641076603261135	0.6970304452355802	7.970225775821103	0.001	FDR
('dRFE_0.1', 'ridge')	('dRFE_0.2', 'ridge')	0.004545854867296639	-0.26191553758743674	0.27100724732203	0.08414791867289814	0.9	FDR
('dRFE_0.1', 'ridge')	('dRFE_0.2', 'enet')	0.1496215115537004	-0.11683988090103298	0.4160829040084338	2.7696306093080754	0.8214620520841431	FDR
('dRFE_0.1', 'ridge')	('dRFE_0.2', 'svr')	0.03053609711371763	-0.23592529534101575	0.296997489568451	0.5652510015219444	0.9	FDR
('dRFE_0.1', 'ridge')	('dRFE_0.2', 'rf')	0.4342979590097531	0.16783656655501972	0.7007593514644865	8.039251230273296	0.001	FDR
('dRFE_0.1', 'enet')	('dRFE_0.1', 'svr')	0.20024264092854516	-0.06621875152618822	0.46670403338327854	3.7066738722615753	0.3965924015843487	FDR
('dRFE_0.1', 'enet')	('dRFE_0.1', 'rf')	0.26058066292754556	-0.005880729527187822	0.527042055382279	4.82358567791164	0.06287080965893244	FDR
('dRFE_0.1', 'enet')	('dRFE_0.2', 'ridge')	0.17453424472059798	-0.0919271477341354	0.44099563717533136	3.230788016582361	0.6163638796324514	FDR
('dRFE_0.1', 'enet')	('dRFE_0.2', 'enet')	0.020366878299600932	-0.24609451415513245	0.2868282707543343	0.3770094886013873	0.9	FDR
('dRFE_0.1', 'enet')	('dRFE_0.2', 'svr')	0.20052448696701897	-0.06593690548771441	0.46698587942175235	3.711891099431407	0.39399314117361084	FDR
('dRFE_0.1', 'enet')	('dRFE_0.2', 'rf')	0.26430956915645176	-0.0021518232982816188	0.5307709616111851	4.892611132363832	0.054413986974296225	FDR
('dRFE_0.1', 'svr')	('dRFE_0.1', 'rf')	0.4608233038560907	0.19436191140135733	0.7272846963108242	8.530259550173215	0.001	FDR
('dRFE_0.1', 'svr')	('dRFE_0.2', 'ridge')	0.02570839620794718	-0.2407529962467862	0.29216978866268056	0.4758858556792143	0.9	FDR
('dRFE_0.1', 'svr')	('dRFE_0.2', 'enet')	0.17987576262894422	-0.08658562982578916	0.4463371550836776	3.329664383660188	0.5723872343465701	FDR
('dRFE_0.1', 'svr')	('dRFE_0.2', 'svr')	0.00028184603847380973	-0.26617954641625957	0.2667432384932072	0.005217227169831911	0.9	FDR
('dRFE_0.1', 'svr')	('dRFE_0.2', 'rf')	0.4645522100849969	0.19809081763026354	0.7310136025397302	8.599285004625408	0.001	FDR
('dRFE_0.1', 'rf')	('dRFE_0.2', 'ridge')	0.43511490764814353	0.16865351519341015	0.701576300102877	8.054373694494	0.001	FDR
('dRFE_0.1', 'rf')	('dRFE_0.2', 'enet')	0.2809475412271465	0.01448614877241311	0.5474089336818799	5.200595166513027	0.027913958139651807	FDR
('dRFE_0.1', 'rf')	('dRFE_0.2', 'svr')	0.4611051498945645	0.19464375743983114	0.7275665423492979	8.535476777343048	0.001	FDR
('dRFE_0.1', 'rf')	('dRFE_0.2', 'rf')	0.0037289062289062036	-0.2627324862258272	0.2701902986836396	0.06902545445219267	0.9	FDR
('dRFE_0.2', 'ridge')	('dRFE_0.2', 'enet')	0.15416736642099704	-0.11229402603373634	0.4206287588757304	2.8537785279809738	0.7840372324314943	FDR
('dRFE_0.2', 'ridge')	('dRFE_0.2', 'svr')	0.02599024224642099	-0.2404711502083124	0.2924516347011544	0.48110308284904624	0.9	FDR
('dRFE_0.2', 'ridge')	('dRFE_0.2', 'rf')	0.43884381387704974	0.17238242142231636	0.7053052063317831	8.123399148946193	0.001	FDR
('dRFE_0.2', 'enet')	('dRFE_0.2', 'svr')	0.18015760866741803	-0.08630378378731535	0.4466190011221514	3.3348816108300197	0.57006822686385	FDR
('dRFE_0.2', 'enet')	('dRFE_0.2', 'rf')	0.2846764474560527	0.018215055001319314	0.551137839910786	5.26962062096522	0.02385380389360059	FDR
('dRFE_0.2', 'svr')	('dRFE_0.2', 'rf')	0.46483405612347073	0.19837266366873735	0.7312954485782042	8.604502231795239	0.001	FDR
