Feature	SNP	Rank	gene_id	Partial_R2	Full_R2	Reduced_R2
ENSG00000074803_17	chr15:48207506:C:T	1	ENSG00000074803.17	0.662769419135002	172.91041214811	512.736453807345
ENSG00000074803_17	chr15:47843367:C:T	2	ENSG00000074803.17	0.00269486804094046	511.354696724554	512.736453807345
ENSG00000074803_17	chr15:47888015:T:A	3	ENSG00000074803.17	0.0207861940409353	502.078614386644	512.736453807345
ENSG00000074803_17	chr15:48187412:CAATGTTTG:C	4.5	ENSG00000074803.17	0.644747768084047	182.15076959973	512.736453807345
ENSG00000074803_17	chr15:48189468:C:T	4.5	ENSG00000074803.17	0.63925483947302	184.967194336765	512.736453807345
ENSG00000074803_17	chr15:48698669:A:G	6.5	ENSG00000074803.17	0.00297874878371269	511.209140719201	512.736453807345
ENSG00000074803_17	chr15:48765995:T:C	6.5	ENSG00000074803.17	0.000312099108511982	512.57642921721	512.736453807345
ENSG00000074803_17	chr15:47916671:A:G	8.5	ENSG00000074803.17	1.39782026916432e-05	512.729286673266	512.736453807345
ENSG00000074803_17	chr15:47921780:A:G	8.5	ENSG00000074803.17	0.00593683389821809	509.692422647529	512.736453807345
ENSG00000074803_17	chr15:48698141:A:T	10	ENSG00000074803.17	0.00200261138800305	511.709641945906	512.736453807345
ENSG00000074803_17	chr15:48100184:G:T	11	ENSG00000074803.17	0.0655040041243726	479.150163022432	512.736453807345
ENSG00000074803_17	chr15:47916796:G:A	12	ENSG00000074803.17	0.00793650556603718	508.667118087792	512.736453807345
ENSG00000074803_17	chr15:47703535:C:G	13	ENSG00000074803.17	0.00105474226685098	512.195648997759	512.736453807345
ENSG00000074803_17	chr15:47859843:A:G	14	ENSG00000074803.17	5.17177511392744e-05	512.709936231027	512.736453807345
ENSG00000074803_17	chr15:48720814:A:G	15	ENSG00000074803.17	0.000289935827123708	512.587793139513	512.736453807345
ENSG00000074803_17	chr15:47779959:C:G	16	ENSG00000074803.17	0.000532014372042391	512.463670644849	512.736453807345
ENSG00000074803_17	chr15:48366515:C:T	17	ENSG00000074803.17	0.025211345659256	499.809677838307	512.736453807345
ENSG00000074803_17	chr15:47860056:C:G	18	ENSG00000074803.17	0.000280513688156581	512.592624213635	512.736453807345
ENSG00000074803_17	chr15:47846221:G:A	19.5	ENSG00000074803.17	1.07552812601181e-05	512.730939182572	512.736453807345
ENSG00000074803_17	chr15:48572600:C:T	19.5	ENSG00000074803.17	0.000848004256307005	512.301651112152	512.736453807345
ENSG00000074803_17	chr15:47918157:A:G	21.5	ENSG00000074803.17	0.000191092747274247	512.638473589759	512.736453807345
ENSG00000074803_17	chr15:48719738:T:C	21.5	ENSG00000074803.17	0.00300704346837316	511.194633002926	512.736453807345
ENSG00000074803_17	chr15:48108153:C:CA	23.5	ENSG00000074803.17	0.068047688375562	477.845923379872	512.736453807345
ENSG00000074803_17	chr15:48802032:G:A	23.5	ENSG00000074803.17	0.000244736761363344	512.610968348207	512.736453807345
ENSG00000074803_17	chr15:48698392:T:C	25.5	ENSG00000074803.17	0.00175747931188884	511.835330097327	512.736453807345
ENSG00000074803_17	chr15:48795737:T:C	25.5	ENSG00000074803.17	0.00124658724749954	512.0972830827	512.736453807345
ENSG00000074803_17	chr15:48698463:C:T	27	ENSG00000074803.17	0.00608617120478741	509.615851966538	512.736453807345
ENSG00000074803_17	chr15:47828227:T:C	28	ENSG00000074803.17	0.0124917687325246	506.331468605649	512.736453807345
ENSG00000074803_17	chr15:47796007:A:C	29	ENSG00000074803.17	0.00471199005178986	510.320444737814	512.736453807345
ENSG00000074803_17	chr15:48719816:T:C	30	ENSG00000074803.17	0.00299115776739099	511.202778180914	512.736453807345
ENSG00000074803_17	chr15:47815384:G:T	31	ENSG00000074803.17	0.00809787395087176	508.584378634396	512.736453807345
ENSG00000074803_17	chr15:47947929:GCA:G	32	ENSG00000074803.17	0.00124132197164882	512.099982781568	512.736453807345
ENSG00000074803_17	chr15:48400263:T:A	33	ENSG00000074803.17	0.00143447373654711	512.000946830588	512.736453807345
ENSG00000074803_17	chr15:48646984:A:T	34	ENSG00000074803.17	0.0150974978954669	504.995416275059	512.736453807345
ENSG00000074803_17	chr15:47693732:A:G	35	ENSG00000074803.17	0.00798667697650168	508.641393376708	512.736453807345
ENSG00000074803_17	chr15:47915482:T:G	36	ENSG00000074803.17	0.000946685729268789	512.251053523649	512.736453807345
ENSG00000074803_17	chr15:48394113:C:T	37	ENSG00000074803.17	4.71677921155604e-08	512.736429622698	512.736453807345
ENSG00000074803_17	chr15:47759259:A:G	38	ENSG00000074803.17	0.0118630564582076	506.653832307647	512.736453807345
ENSG00000074803_17	chr15:47843452:G:GT	39	ENSG00000074803.17	0.00107543128023327	512.185040986404	512.736453807345
ENSG00000074803_17	chr15:47802952:C:T	40	ENSG00000074803.17	0.00659208866762989	509.35644964072	512.736453807345
ENSG00000074803_17	chr15:48252191:G:A	41	ENSG00000074803.17	0.0111513923724504	507.01872842728	512.736453807345
ENSG00000074803_17	chr15:47715257:G:C	42	ENSG00000074803.17	0.000829867964160171	512.310950250273	512.736453807345
ENSG00000074803_17	chr15:48799484:A:T	43	ENSG00000074803.17	0.000997846278411928	512.224821645107	512.736453807345
ENSG00000074803_17	chr15:47884295:C:A	44	ENSG00000074803.17	0.00919668683760976	508.020977211452	512.736453807345
ENSG00000074803_17	chr15:48686679:T:C	45	ENSG00000074803.17	0.00223517631752798	511.590397428661	512.736453807345
ENSG00000226278_1	chr7:55790974:C:A	1	ENSG00000226278.1	0.392347161068774	312.160092804748	513.714530411464
ENSG00000226278_1	chr7:55732785:C:CA	2	ENSG00000226278.1	0.022413977979947	502.200144238843	513.714530411464
ENSG00000226278_1	chr7:55692338:G:A	3	ENSG00000226278.1	0.00471715624111024	511.291258708185	513.714530411464
ENSG00000226278_1	chr7:55486090:G:T	4	ENSG00000226278.1	0.00367940066042022	511.824368829001	513.714530411464
ENSG00000226278_1	chr7:55772903:G:A	5	ENSG00000226278.1	0.243068012625516	388.8469604475	513.714530411464
ENSG00000226278_1	chr7:55407387:C:T	6	ENSG00000226278.1	0.0231139286090055	501.840569430125	513.714530411464
ENSG00000226278_1	chr7:55705344:G:A	7.5	ENSG00000226278.1	0.334414033678498	341.921182137311	513.714530411464
ENSG00000226278_1	chr7:55821641:G:A	7.5	ENSG00000226278.1	0.390493639283637	313.112273878207	513.714530411464
ENSG00000226278_1	chr7:55356060:T:C	9	ENSG00000226278.1	0.0017279569737894	512.826853806103	513.714530411464
ENSG00000226278_1	chr7:56175726:G:A	10	ENSG00000226278.1	0.00245042789732186	512.455709994885	513.714530411464
ENSG00000226278_1	chr7:55745506:T:C	11	ENSG00000226278.1	0.0186448408858676	504.136404731184	513.714530411464
ENSG00000226278_1	chr7:55778345:CT:C	12	ENSG00000226278.1	0.319561783245701	349.550998993949	513.714530411464
ENSG00000226278_1	chr7:56083796:A:G	13	ENSG00000226278.1	0.000881355977152423	513.261765039536	513.714530411464
ENSG00000226278_1	chr7:55871681:C:T	14	ENSG00000226278.1	0.179882661753833	421.30619329943	513.714530411464
ENSG00000226278_1	chr7:55674013:G:C	15	ENSG00000226278.1	0.0265907686936504	500.054466158726	513.714530411464
ENSG00000226278_1	chr7:55289846:T:C	16	ENSG00000226278.1	8.40247327465401e-05	513.671365685339	513.714530411464
ENSG00000226278_1	chr7:55586737:G:A	17	ENSG00000226278.1	0.00398599576994284	511.666866466286	513.714530411464
ENSG00000226278_1	chr7:55592039:T:G	18	ENSG00000226278.1	8.43047488058775e-05	513.67122183702	513.714530411464
ENSG00000226278_1	chr7:56257539:C:T	19	ENSG00000226278.1	0.00315228220930609	512.095157236586	513.714530411464
ENSG00000226278_1	chr7:55620056:C:A	20	ENSG00000226278.1	0.0031714977363276	512.085285941146	513.714530411464
ENSG00000226278_1	chr7:55673761:A:G	21	ENSG00000226278.1	0.0293036859924811	498.660801122512	513.714530411464
ENSG00000226278_1	chr7:55875004:G:A	22	ENSG00000226278.1	0.113222099187596	455.550692895108	513.714530411464
ENSG00000226278_1	chr7:55342520:G:A	23	ENSG00000226278.1	0.000638403211555314	513.386573405427	513.714530411464
ENSG00000226278_1	chr7:55589434:T:C	24	ENSG00000226278.1	0.00887231226126414	509.156694684505	513.714530411464
ENSG00000226278_1	chr7:55649041:C:A	25	ENSG00000226278.1	0.00238645262397595	512.488575022389	513.714530411464
ENSG00000226278_1	chr7:55588869:A:G	26.5	ENSG00000226278.1	0.000893249180818702	513.255655328	513.714530411464
ENSG00000226278_1	chr7:55668115:T:C	26.5	ENSG00000226278.1	0.0139418110842227	506.552419477248	513.714530411464
ENSG00000226278_1	chr7:55615801:A:G	28.5	ENSG00000226278.1	0.0171380543523761	504.910462867667	513.714530411464
ENSG00000226278_1	chr7:55617907:A:G	28.5	ENSG00000226278.1	0.011593199241451	507.758935507176	513.714530411464
ENSG00000226278_1	chr7:55709349:T:G	30	ENSG00000226278.1	0.173868255107501	424.395881385454	513.714530411464
ENSG00000226278_1	chr7:56265224:T:C	31	ENSG00000226278.1	0.0014139819610186	512.988147332349	513.714530411464
ENSG00000226278_1	chr7:55869752:T:A	32	ENSG00000226278.1	0.125256606008572	449.368391874837	513.714530411464
ENSG00000226278_1	chr7:55617439:A:G	33	ENSG00000226278.1	0.000482757371151698	513.466530935241	513.714530411464
ENSG00000226278_1	chr7:55583659:A:G	34	ENSG00000226278.1	0.0106540044949364	508.241413495347	513.714530411464
ENSG00000226278_1	chr7:55690483:T:C	35	ENSG00000226278.1	0.0154460582790245	505.779665835947	513.714530411464
ENSG00000226278_1	chr7:55334339:G:A	36.5	ENSG00000226278.1	0.00422052427973322	511.546385763011	513.714530411464
ENSG00000226278_1	chr7:55504448:G:T	36.5	ENSG00000226278.1	0.00124466786950423	513.075126441364	513.714530411464
ENSG00000226278_1	chr7:55625774:A:G	38.5	ENSG00000226278.1	0.0303508930037401	498.122835664479	513.714530411464
ENSG00000226278_1	chr7:56241301:T:C	38.5	ENSG00000226278.1	0.000966902003003477	513.217818803038	513.714530411464
ENSG00000226278_1	chr7:55592197:T:A	40	ENSG00000226278.1	0.00194706766085912	512.714293462387	513.714530411464
ENSG00000226278_1	chr7:56236295:G:C	41	ENSG00000226278.1	0.0022569487802996	512.55510302863	513.714530411464
ENSG00000226278_1	chr7:55707282:G:T	42	ENSG00000226278.1	0.0201421928098286	503.367193290706	513.714530411464
ENSG00000226278_1	chr7:55416289:A:C	43	ENSG00000226278.1	0.0102110628106804	508.468959074674	513.714530411464
ENSG00000226278_1	chr7:55585762:C:T	44	ENSG00000226278.1	0.000282904642822528	513.569198185726	513.714530411464
ENSG00000226278_1	chr7:55468284:A:G	45	ENSG00000226278.1	0.000585776232123041	513.413608649453	513.714530411464
ENSG00000226278_1	chr7:55629219:A:G	46	ENSG00000226278.1	0.0311940326788383	497.689702562215	513.714530411464
ENSG00000226278_1	chr7:55442925:C:G	47.5	ENSG00000226278.1	0.00122691008622804	513.084248872661	513.714530411464
ENSG00000226278_1	chr7:55653969:C:T	47.5	ENSG00000226278.1	0.0282737962215226	499.189870462575	513.714530411464
ENSG00000226278_1	chr7:55406973:C:T	49	ENSG00000226278.1	0.00870883634619647	509.240674637448	513.714530411464
ENSG00000226278_1	chr7:55475932:C:T	50	ENSG00000226278.1	0.000996247962385437	513.202743357294	513.714530411464
ENSG00000226278_1	chr7:55305495:A:G	51	ENSG00000226278.1	0.00784731694988977	509.683249669562	513.714530411464
ENSG00000226278_1	chr7:55495981:G:A	52	ENSG00000226278.1	0.000796865151746783	513.305169204234	513.714530411464
ENSG00000226278_1	chr7:55746131:A:G	53	ENSG00000226278.1	0.0649092399076834	480.369710712924	513.714530411464
ENSG00000226278_1	chr7:55625184:C:T	54	ENSG00000226278.1	0.0113315230207836	507.893362383996	513.714530411464
ENSG00000226278_1	chr7:56233192:A:G	55	ENSG00000226278.1	0.00347786070586252	511.927902832116	513.714530411464
ENSG00000226278_1	chr7:55297436:T:C	56	ENSG00000226278.1	0.00224998142923038	512.558682258113	513.714530411464
ENSG00000226278_1	chr7:55274063:A:G	57	ENSG00000226278.1	0.00231528504831512	512.5251348401	513.714530411464
ENSG00000226278_1	chr7:55985905:G:A	58	ENSG00000226278.1	0.0203833860153264	503.243288836405	513.714530411464
ENSG00000226278_1	chr7:55375110:C:T	59	ENSG00000226278.1	0.00244838182894645	512.456761089939	513.714530411464
ENSG00000226278_1	chr7:55446244:C:T	60	ENSG00000226278.1	0.000272860009427186	513.574358259853	513.714530411464
ENSG00000226278_1	chr7:56240445:T:C	61	ENSG00000226278.1	0.000755889941246589	513.326218765254	513.714530411464
ENSG00000226278_1	chr7:55592005:AC:A	62	ENSG00000226278.1	0.000138958041652096	513.64314564635	513.714530411464
ENSG00000226278_1	chr7:56143654:G:A	63	ENSG00000226278.1	0.0639505255677047	480.862216199885	513.714530411464
ENSG00000226278_1	chr7:55689319:C:A	64	ENSG00000226278.1	5.81753174319833e-05	513.684644905588	513.714530411464
ENSG00000226278_1	chr7:55897705:G:A	65	ENSG00000226278.1	0.0203833860153264	503.243288836405	513.714530411464
ENSG00000226278_1	chr7:55802940:CT:C	66	ENSG00000226278.1	0.0713325978565412	477.069938400561	513.714530411464
ENSG00000226278_1	chr7:55356666:A:G	67.5	ENSG00000226278.1	1.77435139124237e-05	513.705415310547	513.714530411464
ENSG00000226278_1	chr7:55771065:TTTTG:T	67.5	ENSG00000226278.1	0.140492394494414	441.541545947384	513.714530411464
ENSG00000226278_1	chr7:55681019:T:C	69	ENSG00000226278.1	0.0377083006384371	494.343228456375	513.714530411464
ENSG00000226278_1	chr7:55486489:A:G	70	ENSG00000226278.1	0.00254261078142946	512.408354307863	513.714530411464
ENSG00000226278_1	chr7:55786212:G:C	71	ENSG00000226278.1	0.0276301473138698	499.52052225892	513.714530411464
ENSG00000226278_1	chr7:55297451:G:A	72	ENSG00000226278.1	0.00341615751345398	511.959600658629	513.714530411464
ENSG00000226278_1	chr7:55585102:G:A	73	ENSG00000226278.1	0.00103903360342115	513.180763751801	513.714530411464
ENSG00000226278_1	chr7:56010613:C:T	74	ENSG00000226278.1	0.14863215932267	437.360030480977	513.714530411464
ENSG00000226278_1	chr7:55275957:T:C	75	ENSG00000226278.1	2.33881181103018e-05	513.702515595352	513.714530411464
ENSG00000226278_1	chr7:55438736:T:C	76	ENSG00000226278.1	0.0015710211070432	512.907474041193	513.714530411464
ENSG00000226278_1	chr7:55473014:G:A	77.5	ENSG00000226278.1	0.0262098078164359	500.250171296869	513.714530411464
ENSG00000226278_1	chr7:55591492:A:G	77.5	ENSG00000226278.1	0.00776436779666291	509.72586185486	513.714530411464
ENSG00000226278_1	chr7:55594164:C:T	79	ENSG00000226278.1	0.0093590301209968	508.90666064775	513.714530411464
ENSG00000226278_1	chr7:55611942:G:C	80	ENSG00000226278.1	0.00353328115909076	511.89943254001	513.714530411464
ENSG00000226278_1	chr7:55296953:T:C	81	ENSG00000226278.1	0.00113902244947906	513.129398028702	513.714530411464
ENSG00000226278_1	chr7:55356967:G:A	83	ENSG00000226278.1	1.9958792534243e-05	513.70427728973	513.714530411464
ENSG00000226278_1	chr7:55600060:G:T	83	ENSG00000226278.1	0.0269004531063358	499.895376776088	513.714530411464
ENSG00000226278_1	chr7:55623521:C:T	83	ENSG00000226278.1	0.000495511696756073	513.459978852852	513.714530411464
ENSG00000226278_1	chr7:55605124:C:T	85	ENSG00000226278.1	0.000129178725757376	513.648169423023	513.714530411464
ENSG00000226278_1	chr7:55649636:G:T	86	ENSG00000226278.1	0.00156815255898545	512.908947656012	513.714530411464
ENSG00000226278_1	chr7:55758424:G:T	87.5	ENSG00000226278.1	0.00571432194511428	510.77900019681	513.714530411464
ENSG00000226278_1	chr7:55758454:GTGTT:G	87.5	ENSG00000226278.1	0.0680163185731723	478.773559255331	513.714530411464
ENSG00000226278_1	chr7:55591016:C:T	89	ENSG00000226278.1	0.00194633120067638	512.714671792684	513.714530411464
ENSG00000226278_1	chr7:55295524:A:G	90	ENSG00000226278.1	0.00223818959045346	512.564739897033	513.714530411464
ENSG00000226278_1	chr7:55297489:T:C	91	ENSG00000226278.1	0.00133173768429796	513.030397412344	513.714530411464
ENSG00000226278_1	chr7:55290362:T:C	92.5	ENSG00000226278.1	0.000103877992998135	513.661166777071	513.714530411464
ENSG00000226278_1	chr7:55466154:T:C	92.5	ENSG00000226278.1	0.00915271131932925	509.012649614063	513.714530411464
ENSG00000226278_1	chr7:55652027:C:G	94	ENSG00000226278.1	0.0202081177442005	503.333326694003	513.714530411464
ENSG00000226278_1	chr7:55302262:G:A	95	ENSG00000226278.1	3.23800589472687e-06	513.712867000787	513.714530411464
ENSG00000226278_1	chr7:56015666:A:T	96	ENSG00000226278.1	0.0564065779179346	484.737651724235	513.714530411464
ENSG00000226278_1	chr7:55591571:T:C	97	ENSG00000226278.1	0.0098974101713352	508.630086993007	513.714530411464
ENSG00000226278_1	chr7:56119655:G:A	98	ENSG00000226278.1	0.0902111041220057	467.371775419529	513.714530411464
ENSG00000226278_1	chr7:55666004:GA:G	99	ENSG00000226278.1	0.00395024044532306	511.685234496083	513.714530411464
ENSG00000226278_1	chr7:55323199:TTCTC:T	100.5	ENSG00000226278.1	0.00471103278845304	511.294404414791	513.714530411464
ENSG00000226278_1	chr7:55692670:G:A	100.5	ENSG00000226278.1	7.6482795998439e-06	513.710601379101	513.714530411464
ENSG00000226278_1	chr7:55411308:A:G	102	ENSG00000226278.1	0.00979570372917507	508.682335070181	513.714530411464
ENSG00000226278_1	chr7:55272851:CA:C	103	ENSG00000226278.1	6.34457421559843e-05	513.681937411826	513.714530411464
ENSG00000226278_1	chr7:55596893:G:A	104	ENSG00000226278.1	0.01333396930067	506.86467663365	513.714530411464
ENSG00000226278_1	chr7:55651009:C:T	105	ENSG00000226278.1	0.00379348728919546	511.765760870074	513.714530411464
ENSG00000263667_1	chr6:148039:T:C	1	ENSG00000263667.1	0.12576566098686	449.570276110268	514.244586431775
ENSG00000263667_1	chr6:171132:C:T	2	ENSG00000263667.1	0.124929905824312	450.000058678191	514.244586431775
ENSG00000263667_1	chr6:153439:T:A	3	ENSG00000263667.1	0.113031952755063	456.118516633671	514.244586431775
ENSG00000263667_1	chr6:466368:G:A	4	ENSG00000263667.1	0.00408991075295297	512.14137196808	514.244586431775
ENSG00000263667_1	chr6:644124:T:A	5	ENSG00000263667.1	0.00390082549838442	512.238608036615	514.244586431775
ENSG00000263667_1	chr6:435884:G:A	6	ENSG00000263667.1	0.00144049884735231	513.503817697762	514.244586431775
ENSG00000263667_1	chr6:155815:T:C	7	ENSG00000263667.1	0.0383110064846271	494.543358746303	514.244586431775
ENSG00000263667_1	chr6:501939:C:T	8	ENSG00000263667.1	0.000825905285351151	513.819869109877	514.244586431775
ENSG00000263667_1	chr6:391989:T:G	9	ENSG00000263667.1	0.000391993314054344	514.043005992105	514.244586431775
ENSG00000263667_1	chr6:177945:G:A	10	ENSG00000263667.1	0.0601073563599081	483.334703818966	514.244586431775
ENSG00000263667_1	chr6:177541:C:T	11	ENSG00000263667.1	0.0601073563599081	483.334703818966	514.244586431775
ENSG00000263667_1	chr6:188609:G:A	12	ENSG00000263667.1	0.0178620709640664	505.059113136043	514.244586431775
ENSG00000263667_1	chr6:150730:C:A	13	ENSG00000263667.1	0.130175648633904	447.302463836545	514.244586431775
ENSG00000263667_1	chr6:181217:G:A	14.5	ENSG00000263667.1	0.0180734343839952	504.950420641575	514.244586431775
ENSG00000263667_1	chr6:511080:A:G	14.5	ENSG00000263667.1	0.000524892830051248	513.974663135464	514.244586431775
ENSG00000263667_1	chr6:177697:A:G	16	ENSG00000263667.1	0.00259246770617333	512.911423948376	514.244586431775
ENSG00000263667_1	chr6:496896:T:C	17	ENSG00000263667.1	0.00165464961801927	513.393691823267	514.244586431775
ENSG00000263667_1	chr6:235367:T:C	18	ENSG00000263667.1	0.019569466738531	504.181094102128	514.244586431775
ENSG00000263667_1	chr6:392043:C:T	19	ENSG00000263667.1	0.00295323565398644	512.725900984255	514.244586431775
ENSG00000263667_1	chr6:391623:C:A	20.5	ENSG00000263667.1	0.0122561225535863	507.941941757948	514.244586431775
ENSG00000263667_1	chr6:659913:C:T	20.5	ENSG00000263667.1	0.00338403807305079	512.504363172429	514.244586431775
ENSG00000263667_1	chr6:407882:T:C	22	ENSG00000263667.1	0.0017970579053833	513.320459132427	514.244586431775
ENSG00000263667_1	chr6:450957:G:A	23	ENSG00000263667.1	0.00826072399525203	509.996553837209	514.244586431775
ENSG00000263667_1	chr6:426656:T:C	24	ENSG00000263667.1	0.00142940531330704	513.50952248759	514.244586431775
ENSG00000263667_1	chr6:227639:A:G	25.5	ENSG00000263667.1	0.0110479191863898	508.563253798838	514.244586431775
ENSG00000263667_1	chr6:485078:G:A	25.5	ENSG00000263667.1	0.0110703171116836	508.551735787008	514.244586431775
ENSG00000263667_1	chr6:171806:A:G	27.5	ENSG00000263667.1	0.0262465378263874	500.747446441978	514.244586431775
ENSG00000263667_1	chr6:189113:G:A	27.5	ENSG00000263667.1	0.000250750505577817	514.115639341736	514.244586431775
ENSG00000263667_1	chr6:382897:A:G	29	ENSG00000263667.1	0.0108474370049432	508.666350675323	514.244586431775
ENSG00000263667_1	chr6:470930:G:T	30	ENSG00000263667.1	0.0102709475301327	508.962807266879	514.244586431775
ENSG00000263667_1	chr6:188385:T:G	31.5	ENSG00000263667.1	0.0527530367253656	487.116622877919	514.244586431775
ENSG00000263667_1	chr6:453415:G:A	31.5	ENSG00000263667.1	0.00156954662448512	513.437455576981	514.244586431775
ENSG00000263667_1	chr6:205800:A:G	33	ENSG00000263667.1	0.000644012165832298	513.913406661899	514.244586431775
ENSG00000263667_1	chr6:214028:T:G	34	ENSG00000263667.1	0.0145366754159676	506.769179794397	514.244586431775
ENSG00000263667_1	chr6:171702:C:T	35	ENSG00000263667.1	0.00942958379895865	509.395474010855	514.244586431775
ENSG00000263667_1	chr6:444600:G:A	36	ENSG00000263667.1	0.0072812759021149	510.500229716796	514.244586431775
ENSG00000263667_1	chr6:527904:T:TA	37	ENSG00000263667.1	0.002069396179257	513.180410649409	514.244586431775
ENSG00000263667_1	chr6:169141:T:C	38.5	ENSG00000263667.1	0.0131583533294795	507.477974465733	514.244586431775
ENSG00000263667_1	chr6:578091:C:T	38.5	ENSG00000263667.1	0.0156749907139075	506.183807314779	514.244586431775
ENSG00000263667_1	chr6:178942:A:G	40	ENSG00000263667.1	0.0231685153975416	502.330302812928	514.244586431775
ENSG00000263667_1	chr6:435854:C:T	41	ENSG00000263667.1	0.00240985357619153	513.005332276125	514.244586431775
ENSG00000263667_1	chr6:178170:G:A	42	ENSG00000263667.1	0.0487799714539898	489.159750185264	514.244586431775
ENSG00000263667_1	chr6:231223:G:A	43	ENSG00000263667.1	0.00892317668160758	509.655891129484	514.244586431775
ENSG00000263667_1	chr6:467581:T:C	44	ENSG00000263667.1	0.0044568525582917	511.952674131149	514.244586431775
ENSG00000263667_1	chr6:528776:C:T	45	ENSG00000263667.1	0.00232686244943373	513.048010013782	514.244586431775
ENSG00000263667_1	chr6:248429:CT:C	46	ENSG00000263667.1	0.00248105853540474	512.968715511322	514.244586431775
ENSG00000263667_1	chr6:188509:T:C	48	ENSG00000263667.1	0.0032314471689814	512.582832218786	514.244586431775
ENSG00000263667_1	chr6:249993:G:A	48	ENSG00000263667.1	0.0164935795355276	505.762852444748	514.244586431775
ENSG00000263667_1	chr6:566741:A:G	48	ENSG00000263667.1	0.00265157972938022	512.881025910449	514.244586431775
ENSG00000263667_1	chr6:471038:A:G	50	ENSG00000263667.1	0.0016559878636475	513.393003637697	514.244586431775
ENSG00000263667_1	chr6:410848:A:G	51	ENSG00000263667.1	0.000332447139259534	514.073627290136	514.244586431775
ENSG00000263667_1	chr6:392690:CG:C	52	ENSG00000263667.1	0.0129624866387896	507.578697851083	514.244586431775
ENSG00000263667_1	chr6:470797:C:T	53	ENSG00000263667.1	0.00192816910987047	513.253035905299	514.244586431775
ENSG00000263667_1	chr6:239364:G:A	54	ENSG00000263667.1	0.000782168563043117	513.842360482553	514.244586431775
ENSG00000263667_1	chr6:169257:C:T	55	ENSG00000263667.1	0.0141059061439143	506.990700560552	514.244586431775
ENSG00000263667_1	chr6:244627:A:G	56	ENSG00000263667.1	0.00470048388254554	511.827388041566	514.244586431775
ENSG00000263667_1	chr6:469753:T:C	57	ENSG00000263667.1	0.0110390033700508	508.567838709124	514.244586431775
ENSG00000263667_1	chr6:426155:G:C	58	ENSG00000263667.1	0.0166276392836255	505.69391294503	514.244586431775
ENSG00000263667_1	chr6:194920:G:A	59.5	ENSG00000263667.1	0.0282809917172531	499.701239542255	514.244586431775
ENSG00000263667_1	chr6:227685:G:A	59.5	ENSG00000263667.1	0.0322141513004372	497.678633519031	514.244586431775
ENSG00000263667_1	chr6:222345:G:A	61	ENSG00000263667.1	0.0240738533305646	501.864737681979	514.244586431775
ENSG00000263667_1	chr6:470484:C:T	62.5	ENSG00000263667.1	0.0209179624479922	503.487637483711	514.244586431775
ENSG00000263667_1	chr6:471130:G:C	62.5	ENSG00000263667.1	0.00537016712006539	511.483007062047	514.244586431775
ENSG00000263667_1	chr6:692805:C:G	64	ENSG00000263667.1	0.000185890040977603	514.14899348453	514.244586431775
ENSG00000263667_1	chr6:239023:T:C	65	ENSG00000263667.1	0.000199366460151093	514.142063308926	514.244586431775
ENSG00000263667_1	chr6:206313:T:C	66	ENSG00000263667.1	0.0190763705257285	504.434666160152	514.244586431775
ENSG00000263667_1	chr6:426346:C:T	67	ENSG00000263667.1	0.00434110684104413	512.012195739646	514.244586431775
ENSG00000263667_1	chr6:188969:T:G	68	ENSG00000263667.1	0.00607310779875296	511.121523623449	514.244586431775
ENSG00000263667_1	chr6:466272:C:T	69	ENSG00000263667.1	0.00386867827814988	512.25513957059	514.244586431775
ENSG00000263667_1	chr6:577820:A:G	70	ENSG00000263667.1	6.22936443620955e-05	514.212552262392	514.244586431775
ENSG00000263667_1	chr6:192300:T:G	71	ENSG00000263667.1	0.000862396684349308	513.801103605491	514.244586431775
ENSG00000263667_1	chr6:516350:A:C	72	ENSG00000263667.1	0.00375482295648808	512.313689053391	514.244586431775
ENSG00000263667_1	chr6:425573:C:T	73	ENSG00000263667.1	0.000911143743298326	513.776035694322	514.244586431775
ENSG00000263667_1	chr6:420756:C:T	74	ENSG00000263667.1	0.00624202982097987	511.03465638799	514.244586431775
ENSG00000263667_1	chr6:383649:A:G	75	ENSG00000263667.1	0.00160035015635743	513.421615027473	514.244586431775
ENSG00000263667_1	chr6:384521:A:G	76	ENSG00000263667.1	0.0198733343629038	504.024831821303	514.244586431775
ENSG00000263667_1	chr6:403799:A:G	77	ENSG00000263667.1	0.0112884691021735	508.43955230688	514.244586431775
ENSG00000263667_1	chr6:426758:G:C	78	ENSG00000263667.1	0.00902171156170167	509.605220100821	514.244586431775
ENSG00000263667_1	chr6:160893:T:C	79	ENSG00000263667.1	0.0440298168936114	491.602491452653	514.244586431775
ENSG00000263667_1	chr6:219872:C:T	80.5	ENSG00000263667.1	0.0100118272551509	509.096058465523	514.244586431775
ENSG00000263667_1	chr6:513279:G:A	80.5	ENSG00000263667.1	0.000220682356605809	514.131101724569	514.244586431775
ENSG00000263667_1	chr6:424802:T:C	82	ENSG00000263667.1	0.00307347944922643	512.664066263501	514.244586431775
ENSG00000263667_1	chr6:463961:G:C	83	ENSG00000263667.1	0.000176930556740599	514.153600850796	514.244586431775
ENSG00000272977_1	chr22:25476291:T:C	1.5	ENSG00000272977.1	0.150041548832616	439.257865532622	516.799221102301
ENSG00000272977_1	chr22:25691981:T:C	1.5	ENSG00000272977.1	0.000855093839966476	516.357309271837	516.799221102301
ENSG00000272977_1	chr22:25503231:G:A	3	ENSG00000272977.1	0.136456817366445	446.278444173223	516.799221102301
ENSG00000272977_1	chr22:25473239:T:A	4	ENSG00000272977.1	0.120489438429468	454.530373170899	516.799221102301
ENSG00000272977_1	chr22:25510420:C:G	5	ENSG00000272977.1	0.147565657160093	440.537404420516	516.799221102301
ENSG00000272977_1	chr22:25522823:C:T	6	ENSG00000272977.1	0.136339844496194	446.338895661459	516.799221102301
ENSG00000272977_1	chr22:25281554:C:T	7	ENSG00000272977.1	0.00415826872771322	514.650231062685	516.799221102301
ENSG00000272977_1	chr22:25496387:A:G	8.5	ENSG00000272977.1	0.142931318215288	442.932427177515	516.799221102301
ENSG00000272977_1	chr22:25535299:CT:C	8.5	ENSG00000272977.1	0.0682997839320786	481.501945964747	516.799221102301
ENSG00000272977_1	chr22:25396009:AC:A	10	ENSG00000272977.1	0.042827799623805	494.665847615193	516.799221102301
ENSG00000272977_1	chr22:25437149:G:A	11	ENSG00000272977.1	0.132900610460152	448.116289132474	516.799221102301
ENSG00000272977_1	chr22:25504856:G:A	12	ENSG00000272977.1	0.0263935018386642	503.159079909917	516.799221102301
ENSG00000272977_1	chr22:25438634:C:T	13	ENSG00000272977.1	0.0863932164523312	472.151274131214	516.799221102301
ENSG00000272977_1	chr22:25502792:C:T	14	ENSG00000272977.1	0.136456817366445	446.278444173223	516.799221102301
ENSG00000272977_1	chr22:25313202:A:G	15	ENSG00000272977.1	0.108286789129906	460.836692824297	516.799221102301
ENSG00000272977_1	chr22:25511361:G:A	16.5	ENSG00000272977.1	0.0817034950137362	474.574918517867	516.799221102301
ENSG00000272977_1	chr22:25564051:T:A	16.5	ENSG00000272977.1	0.00168739527527992	515.927176538345	516.799221102301
ENSG00000272977_1	chr22:25474070:C:G	18.5	ENSG00000272977.1	0.101192318309967	464.503109818174	516.799221102301
ENSG00000272977_1	chr22:25502127:T:C	18.5	ENSG00000272977.1	0.136456817366445	446.278444173223	516.799221102301
ENSG00000272977_1	chr22:25527472:GT:G	20	ENSG00000272977.1	0.114268268020785	457.745469192451	516.799221102301
ENSG00000272977_1	chr22:25456814:ATG:A	21	ENSG00000272977.1	0.114554791177861	457.597394248046	516.799221102301
ENSG00000272977_1	chr22:25491158:C:G	22	ENSG00000272977.1	0.0817716010856443	474.539721352952	516.799221102301
ENSG00000272977_1	chr22:25233031:T:G	23.5	ENSG00000272977.1	0.000959653379817384	516.303272983083	516.799221102301
ENSG00000272977_1	chr22:25764194:C:G	23.5	ENSG00000272977.1	0.000892885149129179	516.337778752697	516.799221102301
ENSG00000272977_1	chr22:25756198:T:G	25	ENSG00000272977.1	0.000258527909226813	516.66561408018	516.799221102301
ENSG00000272977_1	chr22:25493683:AAC:A	26	ENSG00000272977.1	0.0817716010856443	474.539721352952	516.799221102301
ENSG00000272977_1	chr22:25452074:C:T	27	ENSG00000272977.1	0.0363757546217259	498.000259446785	516.799221102301
ENSG00000272977_1	chr22:25499395:C:T	28	ENSG00000272977.1	0.09770103962752	466.307399921914	516.799221102301
ENSG00000272977_1	chr22:25543285:T:G	29	ENSG00000272977.1	0.00424190447398202	514.607008174157	516.799221102301
ENSG00000272977_1	chr22:25262995:A:T	30.5	ENSG00000272977.1	6.053917370323e-05	516.767934504485	516.799221102301
ENSG00000272977_1	chr22:25774872:C:T	30.5	ENSG00000272977.1	0.00180475911489658	515.866522997445	516.799221102301
ENSG00000272977_1	chr22:25830342:C:T	32	ENSG00000272977.1	0.00201698826266248	515.756843139185	516.799221102301
ENSG00000272977_1	chr22:25443121:GA:G	33	ENSG00000272977.1	0.0833866357784259	473.705072681669	516.799221102301
ENSG00000272977_1	chr22:25422061:G:C	34.5	ENSG00000272977.1	0.146767547972172	440.949866627188	516.799221102301
ENSG00000272977_1	chr22:25535705:T:C	34.5	ENSG00000272977.1	0.00302678538158615	515.234980774654	516.799221102301
ENSG00000272977_1	chr22:25896692:A:G	36	ENSG00000272977.1	0.0158696721754052	508.597786882903	516.799221102301
ENSG00000272977_1	chr22:25382087:C:G	37	ENSG00000272977.1	0.0233436081274617	504.735262604312	516.799221102301
ENSG00000272977_1	chr22:25786592:G:T	38	ENSG00000272977.1	6.36939542630236e-05	516.766304116349	516.799221102301
ENSG00000272977_1	chr22:25508428:G:C	39	ENSG00000272977.1	0.0138609148454669	509.635911106398	516.799221102301
ENSG00000272977_1	chr22:25540335:G:T	40	ENSG00000272977.1	0.0010198150357699	516.272181486147	516.799221102301
ENSG00000272977_1	chr22:25766935:A:G	41	ENSG00000272977.1	0.00239147761781138	515.563307332133	516.799221102301
ENSG00000272977_1	chr22:25505331:A:G	42	ENSG00000272977.1	0.141697031933421	443.570305366601	516.799221102301
ENSG00000272977_1	chr22:25018867:G:T	43	ENSG00000272977.1	0.00176157874046194	515.88883858132	516.799221102301
ENSG00000272977_1	chr22:24977424:A:G	44	ENSG00000272977.1	0.00202776981722743	515.751271240183	516.799221102301
ENSG00000272977_1	chr22:25324815:A:G	45	ENSG00000272977.1	0.0738596118132698	478.628631246285	516.799221102301
ENSG00000274512_5	chr17:38255399:A:C	1	ENSG00000274512.5	0.275825911979211	371.306979234988	512.731655795351
ENSG00000274512_5	chr17:38321013:G:C	2	ENSG00000274512.5	0.161153830789586	430.102985296843	512.731655795351
ENSG00000274512_5	chr17:37860240:G:A	3	ENSG00000274512.5	0.0645115463020456	479.654543841985	512.731655795351
ENSG00000274512_5	chr17:37879165:T:C	4	ENSG00000274512.5	0.00340119194700205	510.987757016687	512.731655795351
ENSG00000274512_5	chr17:38289260:G:A	5	ENSG00000274512.5	0.130707712031983	445.713674179971	512.731655795351
ENSG00000274512_5	chr17:38289481:C:T	6	ENSG00000274512.5	0.134762914323553	443.634443594429	512.731655795351
ENSG00000274512_5	chr17:37662786:A:G	7	ENSG00000274512.5	0.00964766197335672	507.784994097198	512.731655795351
ENSG00000274512_5	chr17:37671849:C:T	8	ENSG00000274512.5	0.0288984910629595	497.914484622653	512.731655795351
ENSG00000274512_5	chr17:37647262:T:G	9	ENSG00000274512.5	0.0372100988876645	493.65286018037	512.731655795351
ENSG00000274512_5	chr17:38423181:C:T	10	ENSG00000274512.5	0.0581296142058898	482.92676245282	512.731655795351
ENSG00000274512_5	chr17:37833181:G:C	11	ENSG00000274512.5	0.0286380689908799	498.048011262876	512.731655795351
ENSG00000274512_5	chr17:37687414:G:A	12.5	ENSG00000274512.5	0.0186589981879355	503.164596758968	512.731655795351
ENSG00000274512_5	chr17:38256453:G:A	12.5	ENSG00000274512.5	0.0265931186307678	499.096522047035	512.731655795351
ENSG00000274512_5	chr17:38252705:T:G	14	ENSG00000274512.5	0.0265931186307678	499.096522047035	512.731655795351
ENSG00000274512_5	chr17:38321875:A:C	15	ENSG00000274512.5	0.156305868346061	432.588689107745	512.731655795351
ENSG00000274512_5	chr17:38466241:C:G	16	ENSG00000274512.5	0.00105323404791761	512.191629358022	512.731655795351
ENSG00000274512_5	chr17:38333408:T:C	17	ENSG00000274512.5	0.148798794097205	436.437803717539	512.731655795351
ENSG00000274512_5	chr17:37822403:T:C	18	ENSG00000274512.5	0.0913801060480562	465.878182714576	512.731655795351
ENSG00000274512_5	chr17:37677119:C:G	19	ENSG00000274512.5	0.00997111174133128	507.619151162098	512.731655795351
ENSG00000274512_5	chr17:37683731:A:G	20.5	ENSG00000274512.5	0.00313304736291452	511.125243233279	512.731655795351
ENSG00000274512_5	chr17:37715807:C:G	20.5	ENSG00000274512.5	0.00106395264324774	512.186133594891	512.731655795351
ENSG00000274512_5	chr17:38298066:T:C	22	ENSG00000274512.5	0.17303573021526	424.010759330323	512.731655795351
ENSG00000274512_5	chr17:38429586:T:C	23	ENSG00000274512.5	0.0498128992038674	487.191005506585	512.731655795351
ENSG00000274512_5	chr17:37776862:T:C	24	ENSG00000274512.5	0.0193675100247654	502.80132031172	512.731655795351
ENSG00000274512_5	chr17:37699371:A:G	25	ENSG00000274512.5	0.00048720897558692	512.48184833058	512.731655795351
ENSG00000274512_5	chr17:37691774:C:T	26	ENSG00000274512.5	0.0106842028934367	507.253526754946	512.731655795351
ENSG00000274512_5	chr17:37687272:T:C	27	ENSG00000274512.5	0.00507569721326151	510.12918515888	512.731655795351
ENSG00000274512_5	chr17:38488421:C:T	28	ENSG00000274512.5	0.000298948117724906	512.578375631953	512.731655795351
ENSG00000274512_5	chr17:37670369:G:A	29	ENSG00000274512.5	0.00407421774071792	510.642675387082	512.731655795351
ENSG00000274512_5	chr17:37626228:CA:C	30	ENSG00000274512.5	0.00254564210197347	511.426424505344	512.731655795351
ENSG00000274512_5	chr17:37698974:C:T	31	ENSG00000274512.5	0.00546817494651901	509.927949400844	512.731655795351
ENSG00000274512_5	chr17:37816708:CA:C	32	ENSG00000274512.5	0.0372174460281237	493.649093068877	512.731655795351
ENSG00000274512_5	chr17:37868823:C:CAT	33	ENSG00000274512.5	0.0344590985509362	495.063385138114	512.731655795351
ENSG00000274512_5	chr17:37602724:C:T	35	ENSG00000274512.5	0.00508094577337302	510.126494055963	512.731655795351
ENSG00000274512_5	chr17:37728294:A:C	35	ENSG00000274512.5	2.50146044682295e-05	512.718830015783	512.731655795351
ENSG00000274512_5	chr17:38437738:T:G	35	ENSG00000274512.5	0.00400021098102016	510.680620995522	512.731655795351
ENSG00000274512_5	chr17:38334583:G:C	37	ENSG00000274512.5	0.127902204685145	447.152146607261	512.731655795351
ENSG00000274512_5	chr17:37820676:A:C	38.5	ENSG00000274512.5	0.0385385602291401	492.971715997095	512.731655795351
ENSG00000274512_5	chr17:38453261:T:C	38.5	ENSG00000274512.5	0.00194839396364425	511.73265253223	512.731655795351
ENSG00000274512_5	chr17:37686392:G:C	40	ENSG00000274512.5	0.0146996741331903	505.194667537388	512.731655795351
ENSG00000274512_5	chr17:38290956:CT:C	41	ENSG00000274512.5	0.118095746872134	452.180227959213	512.731655795351
ENSG00000274512_5	chr17:38309098:G:A	42	ENSG00000274512.5	0.012730024343781	506.204569335249	512.731655795351
ENSG00000274512_5	chr17:37749945:C:T	43	ENSG00000274512.5	0.00309926388470845	511.142565091998	512.731655795351
ENSG00000274512_5	chr17:37683650:C:T	44	ENSG00000274512.5	0.00840269588970588	508.423327618677	512.731655795351
ENSG00000274512_5	chr17:37796731:T:C	45	ENSG00000274512.5	3.55079752725099e-05	512.713449732396	512.731655795351
ENSG00000280693_2	chr10:103746702:G:A	1.5	ENSG00000280693.2	0.512379825275127	249.394591606525	511.452570122308
ENSG00000280693_2	chr10:103746736:G:A	1.5	ENSG00000280693.2	0.512379825275127	249.394591606525	511.452570122308
ENSG00000280693_2	chr10:103745196:A:G	3	ENSG00000280693.2	0.509957275169334	250.633611084383	511.452570122308
ENSG00000280693_2	chr10:103486224:T:C	4	ENSG00000280693.2	0.000815496459223992	511.035482362312	511.452570122308
ENSG00000280693_2	chr10:103884517:A:T	5	ENSG00000280693.2	0.0104289953278444	506.118633658088	511.452570122308
ENSG00000280693_2	chr10:103746464:C:T	6	ENSG00000280693.2	0.512379825275127	249.394591606525	511.452570122308
ENSG00000280693_2	chr10:103743743:A:G	7	ENSG00000280693.2	0.512379825275127	249.394591606525	511.452570122308
ENSG00000280693_2	chr10:104066531:C:G	8	ENSG00000280693.2	0.0157740786120689	503.384877074854	511.452570122308
ENSG00000280693_2	chr10:103501361:C:T	9	ENSG00000280693.2	2.71011319435821e-05	511.438709178722	511.452570122308
ENSG00000280693_2	chr10:103717454:G:A	10	ENSG00000280693.2	0.0120906987529209	505.268751170552	511.452570122308
ENSG00000280693_2	chr10:104243354:T:A	11	ENSG00000280693.2	0.00679783131603752	507.975801824462	511.452570122308
ENSG00000280693_2	chr10:103801000:G:C	12	ENSG00000280693.2	0.0276232225226078	497.32460196806	511.452570122308
ENSG00000280693_2	chr10:103823272:G:A	13	ENSG00000280693.2	0.000267691936271088	511.315658393501	511.452570122308
ENSG00000280693_2	chr10:103713721:C:T	14	ENSG00000280693.2	0.00211756849936546	510.369534270897	511.452570122308
ENSG00000280693_2	chr10:103822548:G:C	15.5	ENSG00000280693.2	0.00042212884720849	511.23667123848	511.452570122308
ENSG00000280693_2	chr10:104045739:C:T	15.5	ENSG00000280693.2	0.000353429144597227	511.271807877947	511.452570122308
ENSG00000280693_2	chr10:103461979:A:G	17	ENSG00000280693.2	0.0047936338291554	509.000853780161	511.452570122308
ENSG00000280693_2	chr10:103779104:C:T	18	ENSG00000280693.2	0.00781263841201514	507.456776127046	511.452570122308
ENSG00000280693_2	chr10:103714179:A:G	19	ENSG00000280693.2	0.0077399656041378	507.493944821413	511.452570122308
ENSG00000280693_2	chr10:104205138:A:G	20	ENSG00000280693.2	0.00833726388466061	507.18845508071	511.452570122308
ENSG00000280693_2	chr10:103889814:C:T	21	ENSG00000280693.2	0.00401329599639073	509.399959570292	511.452570122308
ENSG00000280693_2	chr10:103717405:C:T	22	ENSG00000280693.2	0.0103124308807446	506.178250844142	511.452570122308
ENSG00000280693_2	chr10:103783635:G:A	23	ENSG00000280693.2	0.00532120800099968	508.731024614041	511.452570122308
ENSG00000280693_2	chr10:103294435:T:C	24	ENSG00000280693.2	6.03407881390404e-05	511.421708671131	511.452570122308
ENSG00000280693_2	chr10:103822550:G:C	25	ENSG00000280693.2	0.0010937650916092	510.893161155094	511.452570122308
ENSG00000280693_2	chr10:103637983:T:C	26	ENSG00000280693.2	0.00502271700918714	508.883688598962	511.452570122308
ENSG00000280693_2	chr10:103405499:G:A	27.5	ENSG00000280693.2	0.00639190610287015	508.183413318014	511.452570122308
ENSG00000280693_2	chr10:103533787:T:C	27.5	ENSG00000280693.2	0.00193126960497139	510.464817319246	511.452570122308
ENSG00000280693_2	chr10:103533685:C:T	29	ENSG00000280693.2	0.000586585013804018	511.152559709402	511.452570122308
ENSG00000280693_2	chr10:103688023:C:T	30	ENSG00000280693.2	0.00358189715403015	509.620599616965	511.452570122308
ENSG00000280693_2	chr10:103816262:C:T	31	ENSG00000280693.2	0.0255995561785564	498.359611320795	511.452570122308
ENSG00000280693_2	chr10:103960140:G:T	32	ENSG00000280693.2	0.000574230927342014	511.158878238675	511.452570122308
ENSG00000280693_2	chr10:103503785:T:C	33	ENSG00000280693.2	1.69098055883395e-05	511.443921558779	511.452570122308
ENSG00000280693_2	chr10:103713072:A:G	34.5	ENSG00000280693.2	0.00344577265570388	509.690220841491	511.452570122308
ENSG00000280693_2	chr10:104250781:G:A	34.5	ENSG00000280693.2	0.0002626567273429	511.318233664048	511.452570122308
ENSG00000280693_2	chr10:103764323:C:T	36	ENSG00000280693.2	0.0243972452581055	498.974536331145	511.452570122308
ENSG00000280693_2	chr10:103688080:T:C	37	ENSG00000280693.2	0.000214039698180052	511.343098968565	511.452570122308
ENSG00000280693_2	chr10:103702626:G:A	38.5	ENSG00000280693.2	0.00161377150631095	510.627202537815	511.452570122308
ENSG00000280693_2	chr10:104055358:A:G	38.5	ENSG00000280693.2	0.00268919798859575	510.077172899473	511.452570122308
ENSG00000280693_2	chr10:103368377:T:G	40	ENSG00000280693.2	0.00496046222052052	508.915528970628	511.452570122308
ENSG00000280693_2	chr10:104033611:G:A	41	ENSG00000280693.2	0.00178594204162189	510.539145475031	511.452570122308
ENSG00000280693_2	chr10:104046552:C:A	42	ENSG00000280693.2	0.00456493127860356	509.117824287434	511.452570122308
ENSG00000280693_2	chr10:103692450:G:A	43	ENSG00000280693.2	1.1940012958851e-06	511.451959447276	511.452570122308
ENSG00000280693_2	chr10:104016048:T:G	44	ENSG00000280693.2	0.00116415599968139	510.857159544247	511.452570122308
ENSG00000280693_2	chr10:103704127:T:C	45	ENSG00000280693.2	0.00133416592414362	510.770207531435	511.452570122308
ENSG00000280693_2	chr10:103871368:T:C	46	ENSG00000280693.2	0.0154827852638446	503.533859806463	511.452570122308
ENSG00000280693_2	chr10:103911091:A:T	47	ENSG00000280693.2	0.0234974173061303	499.434755649851	511.452570122308
ENSG00000280693_2	chr10:103719262:C:G	48	ENSG00000280693.2	0.0174113111836281	502.547510268242	511.452570122308
ENSG00000280693_2	chr10:103879756:T:G	49	ENSG00000280693.2	0.00495199360744397	508.919860264551	511.452570122308
ENSG00000280693_2	chr10:103802435:C:T	50	ENSG00000280693.2	0.0242523615592653	499.048637471286	511.452570122308
ENSG00000280693_2	chr10:103417157:A:G	51	ENSG00000280693.2	2.47366606567116e-05	511.439918493639	511.452570122308
ENSG00000280693_2	chr10:103461080:C:A	52.5	ENSG00000280693.2	0.0289776473142172	496.631877927353	511.452570122308
ENSG00000280693_2	chr10:104047554:G:A	52.5	ENSG00000280693.2	0.0146773592415866	503.94579701559	511.452570122308
ENSG00000280693_2	chr10:103533828:T:G	54	ENSG00000280693.2	0.000821597412398194	511.032362014131	511.452570122308
ENSG00000280693_2	chr10:103562448:G:A	55	ENSG00000280693.2	0.0035228343306663	509.650807449773	511.452570122308
ENSG00000280693_2	chr10:103811944:G:A	56	ENSG00000280693.2	0.0111574274723695	505.746075165611	511.452570122308
ENSG00000280693_2	chr10:104124358:C:T	57.5	ENSG00000280693.2	0.00427344647394147	509.26690493993	511.452570122308
ENSG00000280693_2	chr10:104249236:C:G	57.5	ENSG00000280693.2	0.00329907211669123	509.765251209207	511.452570122308
